 2.800001, -44.399999,  3.040001, -44.399999
 2.800001, -44.319999,  3.120001, -44.319999
 3.200001, -44.319999,  3.360001, -44.319999
 3.200001, -44.239999,  3.360001, -44.239999
 5.360001, -44.239999,  5.520001, -44.239999
 5.360001, -44.159999,  5.520001, -44.159999
 5.680001, -44.159999,  5.920001, -44.159999
 5.680001, -44.079999,  5.840001, -44.079999
 9.520001, -43.999999,  9.680001, -43.999999
 9.520001, -43.919999,  9.680001, -43.919999
 10.000001, -43.839999,  10.160001, -43.839999
 10.960001, -43.839999,  11.120001, -43.839999
 2.320001, -43.759999,  2.480001, -43.759999
 11.280001, -43.759999,  11.440001, -43.759999
 2.320001, -43.679999,  2.480001, -43.679999
 11.280001, -43.679999,  11.440001, -43.679999
 14.720001, -43.679999,  14.880001, -43.679999
 14.160001, -43.599999,  14.400001, -43.599999
 14.720001, -43.599999,  14.880001, -43.599999
 14.240001, -43.519999,  14.400001, -43.519999
 7.440001, -43.439999,  7.600001, -43.439999
 7.440001, -43.359999,  7.600001, -43.359999
 1.040001, -42.479999,  1.200001, -42.479999
 1.040001, -42.399999,  1.200001, -42.399999
 6.320001, -42.159999,  6.800001, -42.159999
 6.880001, -42.159999,  7.120001, -42.159999
 6.320001, -42.079999,  6.800001, -42.079999
 6.880001, -42.079999,  7.120001, -42.079999
 9.200001, -41.919999,  9.360001, -41.919999
 9.200001, -41.839999,  9.360001, -41.839999
 10.000001, -41.839999,  10.160001, -41.839999
 7.760001, -41.679999,  7.920001, -41.679999
 7.840001, -41.599999,  8.000001, -41.599999
 8.320001, -41.359999,  8.480001, -41.359999
 8.720001, -41.359999,  8.960001, -41.359999
 8.080001, -41.279999,  8.240001, -41.279999
 8.320001, -41.279999,  8.480001, -41.279999
 14.640001, -41.279999,  14.800001, -41.279999
 12.800001, -40.879999,  12.960001, -40.879999
 12.720001, -40.239999,  12.880001, -40.239999
 1.200001, -39.759999,  1.520001, -39.759999
 1.600001, -39.759999,  1.760001, -39.759999
 13.840001, -38.799999,  14.080001, -38.799999
 14.320001, -38.799999,  14.480001, -38.799999
 13.840001, -38.719999,  14.080001, -38.719999
 14.320001, -38.719999,  14.480001, -38.719999
 13.200001, -38.639999,  13.360001, -38.639999
 15.120001, -38.639999,  15.280001, -38.639999
 13.280001, -38.399999,  13.440001, -38.399999
 13.200001, -37.919999,  13.360001, -37.919999
 11.520001, -37.359999,  11.840001, -37.359999
 11.760001, -37.199999,  11.920001, -37.199999
-0.159999, -36.079999,  0.000001, -36.079999
-0.159999, -35.999999,  0.160001, -35.999999
 0.320001, -35.999999,  0.480001, -35.999999
 0.000001, -35.919999,  0.160001, -35.919999
 0.320001, -35.919999,  0.480001, -35.919999
-0.239999, -35.839999,  0.000001, -35.839999
-0.239999, -35.759999, -0.079999, -35.759999
 11.200001, -34.959999,  11.360001, -34.959999
 0.240001, -34.799999,  0.480001, -34.799999
 0.240001, -34.719999,  0.400001, -34.719999
 0.480001, -34.399999,  0.640001, -34.399999
 0.480001, -34.079999,  0.640001, -34.079999
 0.560001, -33.999999,  0.720001, -33.999999
-0.319999, -33.919999, -0.159999, -33.919999
 7.040001, -33.839999,  7.200001, -33.839999
 7.040001, -33.759999,  7.200001, -33.759999
 14.880001, -33.679999,  15.040001, -33.679999
 14.880001, -33.599999,  15.040001, -33.599999
 5.360001, -33.439999,  5.520001, -33.439999
 5.680001, -33.359999,  5.840001, -33.359999
 5.920001, -33.359999,  6.240001, -33.359999
 7.040001, -33.359999,  7.200001, -33.359999
-0.319999, -33.279999, -0.159999, -33.279999
 0.080001, -33.279999,  0.240001, -33.279999
 6.480001, -33.279999,  7.120001, -33.279999
 0.080001, -33.199999,  0.240001, -33.199999
 5.680001, -33.199999,  6.880001, -33.199999
-0.239999, -33.119999, -0.079999, -33.119999
 5.360001, -33.119999,  5.680001, -33.119999
 6.880001, -33.119999,  7.040001, -33.119999
-0.239999, -33.039999, -0.079999, -33.039999
 0.000001, -32.959999,  0.160001, -32.959999
-0.399999, -32.879999, -0.239999, -32.879999
-0.399999, -32.799999, -0.239999, -32.799999
-0.159999, -32.799999,  0.000001, -32.799999
 1.440001, -32.799999,  1.600001, -32.799999
 0.000001, -32.719999,  0.160001, -32.719999
 1.440001, -32.719999,  1.680001, -32.719999
 1.680001, -32.639999,  2.000001, -32.639999
 0.800001, -32.559999,  0.960001, -32.559999
 1.760001, -32.559999,  1.920001, -32.559999
 2.480001, -32.559999,  2.720001, -32.559999
 1.520001, -32.479999,  1.760001, -32.479999
 2.240001, -32.479999,  2.480001, -32.479999
 8.720001, -32.479999,  9.120001, -32.479999
 10.880001, -32.479999,  11.040001, -32.479999
 1.680001, -32.399999,  1.840001, -32.399999
 2.240001, -32.399999,  2.640001, -32.399999
 8.560001, -32.399999,  8.720001, -32.399999
 9.120001, -32.399999,  9.360001, -32.399999
 10.320001, -32.399999,  10.480001, -32.399999
 1.840001, -32.319999,  2.080001, -32.319999
 4.240001, -32.319999,  4.560001, -32.319999
 8.720001, -32.319999,  9.040001, -32.319999
 9.360001, -32.319999,  9.520001, -32.319999
 10.480001, -32.319999,  10.640001, -32.319999
 10.960001, -32.319999,  11.120001, -32.319999
 1.760001, -32.239999,  1.920001, -32.239999
 3.600001, -32.239999,  4.240001, -32.239999
 9.040001, -32.239999,  9.360001, -32.239999
 9.680001, -32.239999,  9.840001, -32.239999
 11.280001, -32.239999,  11.520001, -32.239999
 1.920001, -32.159999,  2.080001, -32.159999
 4.240001, -32.159999,  4.560001, -32.159999
 9.360001, -32.159999,  9.680001, -32.159999
 11.280001, -32.159999,  11.520001, -32.159999
 1.520001, -32.079999,  1.680001, -32.079999
 3.520001, -32.079999,  3.680001, -32.079999
 3.760001, -32.079999,  4.240001, -32.079999
 9.680001, -32.079999,  9.920001, -32.079999
-0.399999, -31.919999, -0.239999, -31.919999
 0.160001, -31.599999,  0.320001, -31.599999
 0.400001, -31.599999,  0.560001, -31.599999
 0.080001, -31.519999,  0.320001, -31.519999
 3.120001, -31.359999,  3.280001, -31.359999
 4.160001, -31.279999,  4.320001, -31.279999
 4.400001, -31.279999,  4.560001, -31.279999
 5.360001, -31.279999,  5.520001, -31.279999
 3.120001, -31.199999,  3.440001, -31.199999
 9.440001, -31.199999,  9.680001, -31.199999
 9.760001, -31.199999,  10.000001, -31.199999
 5.200001, -31.119999,  5.360001, -31.119999
 10.000001, -31.119999,  10.160001, -31.119999
 10.240001, -31.119999,  10.480001, -31.119999
 5.200001, -31.039999,  5.360001, -31.039999
 9.440001, -31.039999,  10.240001, -31.039999
 10.480001, -31.039999,  10.720001, -31.039999
 3.120001, -30.959999,  3.280001, -30.959999
 10.400001, -30.959999,  10.560001, -30.959999
 4.080001, -30.879999,  4.480001, -30.879999
 4.480001, -30.799999,  4.640001, -30.799999
 5.360001, -30.799999,  5.520001, -30.799999
 0.720001, -30.719999,  0.880001, -30.719999
 3.200001, -30.719999,  3.520001, -30.719999
-0.479999, -30.559999, -0.319999, -30.559999
 0.320001, -30.559999,  0.720001, -30.559999
 0.800001, -30.559999,  0.960001, -30.559999
-0.319999, -30.479999, -0.159999, -30.479999
 0.400001, -30.479999,  0.640001, -30.479999
 0.720001, -30.479999,  0.960001, -30.479999
 10.400001, -30.479999,  10.560001, -30.479999
 0.160001, -30.399999,  0.400001, -30.399999
 0.640001, -30.399999,  0.960001, -30.399999
-0.319999, -30.239999, -0.079999, -30.239999
 2.160001, -30.159999,  2.320001, -30.159999
 10.320001, -29.999999,  10.480001, -29.999999
 2.000001, -29.919999,  2.160001, -29.919999
 9.360001, -29.919999,  9.520001, -29.919999
 1.600001, -29.839999,  1.760001, -29.839999
 9.440001, -29.839999,  10.240001, -29.839999
 10.320001, -29.839999,  10.480001, -29.839999
 10.640001, -29.839999,  10.880001, -29.839999
 2.400001, -29.759999,  2.560001, -29.759999
 4.400001, -29.759999,  4.560001, -29.759999
 9.520001, -29.759999,  10.240001, -29.759999
 10.320001, -29.759999,  10.640001, -29.759999
 4.400001, -29.679999,  4.640001, -29.679999
 10.800001, -29.679999,  10.960001, -29.679999
 2.160001, -29.599999,  2.320001, -29.599999
 2.640001, -29.599999,  2.800001, -29.599999
 2.640001, -29.519999,  2.800001, -29.519999
 9.680001, -29.519999,  9.920001, -29.519999
 2.000001, -29.439999,  2.400001, -29.439999
 2.000001, -29.359999,  2.240001, -29.359999
 9.680001, -29.359999,  9.840001, -29.359999
 2.080001, -29.199999,  2.240001, -29.199999
 2.480001, -29.039999,  2.640001, -29.039999
 2.000001, -28.879999,  2.160001, -28.879999
 2.080001, -28.799999,  2.240001, -28.799999
 7.520001, -28.559999,  7.680001, -28.559999
 7.920001, -28.559999,  8.080001, -28.559999
 9.120001, -28.559999,  9.280001, -28.559999
 9.360001, -28.559999,  9.520001, -28.559999
 9.120001, -28.479999,  9.280001, -28.479999
 9.360001, -28.479999,  9.520001, -28.479999
 11.760001, -28.479999,  12.400001, -28.479999
 9.200001, -28.399999,  9.360001, -28.399999
 10.880001, -28.399999,  11.040001, -28.399999
 11.840001, -28.399999,  12.160001, -28.399999
 12.400001, -28.399999,  12.720001, -28.399999
 8.160001, -28.319999,  8.320001, -28.319999
 9.360001, -28.319999,  9.520001, -28.319999
 11.440001, -28.319999,  11.680001, -28.319999
 12.160001, -28.319999,  12.640001, -28.319999
 8.000001, -28.239999,  8.160001, -28.239999
 10.240001, -28.239999,  10.560001, -28.239999
 11.280001, -28.239999,  11.760001, -28.239999
 7.440001, -28.159999,  7.600001, -28.159999
 9.120001, -28.159999,  9.440001, -28.159999
 4.400001, -28.079999,  4.560001, -28.079999
 7.440001, -28.079999,  7.600001, -28.079999
 10.400001, -28.079999,  10.640001, -28.079999
 1.760001, -27.999999,  1.920001, -27.999999
 2.160001, -27.999999,  2.320001, -27.999999
 4.400001, -27.999999,  4.560001, -27.999999
 7.440001, -27.999999,  7.600001, -27.999999
 10.800001, -27.999999,  11.040001, -27.999999
 1.760001, -27.919999,  1.920001, -27.919999
 10.080001, -27.919999,  10.240001, -27.919999
 4.400001, -27.839999,  4.560001, -27.839999
 7.280001, -27.839999,  8.240001, -27.839999
 1.760001, -27.759999,  2.480001, -27.759999
 7.280001, -27.759999,  7.600001, -27.759999
 8.240001, -27.759999,  9.280001, -27.759999
 12.560001, -27.759999,  12.720001, -27.759999
 1.840001, -27.679999,  2.480001, -27.679999
 4.320001, -27.679999,  4.480001, -27.679999
 7.600001, -27.679999,  8.480001, -27.679999
 9.280001, -27.679999,  10.320001, -27.679999
 1.680001, -27.599999,  1.840001, -27.599999
 4.320001, -27.599999,  4.560001, -27.599999
 8.480001, -27.599999,  9.680001, -27.599999
 10.480001, -27.599999,  11.040001, -27.599999
 9.680001, -27.519999,  10.880001, -27.519999
 4.560001, -27.439999,  5.040001, -27.439999
 10.880001, -27.439999,  11.040001, -27.439999
 5.600001, -27.279999,  6.080001, -27.279999
 12.240001, -27.279999,  12.480001, -27.279999
 4.320001, -27.199999,  5.120001, -27.199999
 5.600001, -27.199999,  5.840001, -27.199999
 12.960001, -27.199999,  13.120001, -27.199999
 12.000001, -27.119999,  12.400001, -27.119999
 12.960001, -27.119999,  13.120001, -27.119999
 14.720001, -26.959999,  14.880001, -26.959999
 14.720001, -26.879999,  14.880001, -26.879999
 4.400001, -26.719999,  4.720001, -26.719999
 5.840001, -26.719999,  6.080001, -26.719999
 4.320001, -26.639999,  4.720001, -26.639999
 5.280001, -26.639999,  5.600001, -26.639999
 4.560001, -26.559999,  4.800001, -26.559999
 5.280001, -26.479999,  5.520001, -26.479999
 4.080001, -26.399999,  4.240001, -26.399999
 4.320001, -26.399999,  4.640001, -26.399999
 4.720001, -26.399999,  5.040001, -26.399999
 5.280001, -26.399999,  5.600001, -26.399999
 4.720001, -26.320000,  5.120001, -26.320000
 4.480001, -26.240000,  4.640001, -26.240000
 5.040001, -26.240000,  5.440001, -26.240000
 12.480001, -26.160000,  12.640001, -26.160000
 4.160001, -26.080000,  4.320001, -26.080000
 4.880001, -26.000000,  5.040001, -26.000000
 5.280001, -26.000000,  5.440001, -26.000000
 4.720001, -25.920000,  4.960001, -25.920000
 5.200001, -25.920000,  5.520001, -25.920000
 12.400001, -25.600000,  12.560001, -25.600000
 7.680001, -25.520000,  8.000001, -25.520000
 7.840001, -25.440000,  8.080001, -25.440000
 4.560001, -25.360000,  4.720001, -25.360000
 7.680001, -25.360000,  7.840001, -25.360000
 8.240001, -25.280000,  9.200001, -25.280000
 4.640001, -25.200000,  4.880001, -25.200000
 4.640001, -25.120000,  4.960001, -25.120000
 8.640001, -25.120000,  9.040001, -25.120000
 8.240001, -25.040000,  8.400001, -25.040000
 8.640001, -25.040000,  8.960001, -25.040000
 4.080001, -24.960000,  4.240001, -24.960000
 8.880001, -24.960000,  9.040001, -24.960000
 8.400001, -24.880000,  8.880001, -24.880000
 8.960001, -24.880000,  9.120001, -24.880000
 4.320001, -24.800000,  4.960001, -24.800000
 4.160001, -24.720000,  4.320001, -24.720000
 4.720001, -24.720000,  4.880001, -24.720000
 14.400001, -24.720000,  14.560001, -24.720000
 4.640001, -24.640000,  4.960001, -24.640000
 9.360001, -24.560000,  9.600001, -24.560000
 4.240001, -24.480000,  4.400001, -24.480000
 4.480001, -24.480000,  4.640001, -24.480000
 4.960001, -24.480000,  5.200001, -24.480000
 5.360001, -24.480000,  5.520001, -24.480000
 4.640001, -24.400000,  4.800001, -24.400000
 5.280001, -24.400000,  5.520001, -24.400000
 9.360001, -24.400000,  9.600001, -24.400000
 4.000001, -24.320000,  4.320001, -24.320000
 4.800001, -24.320000,  4.960001, -24.320000
 4.720001, -24.240000,  4.880001, -24.240000
 4.320001, -24.080000,  4.480001, -24.080000
 4.400001, -24.000000,  4.720001, -24.000000
 4.080001, -23.920000,  4.240001, -23.920000
 5.920001, -23.760000,  6.080001, -23.760000
 4.160001, -23.680000,  4.480001, -23.680000
 10.000001, -23.680000,  10.160001, -23.680000
 5.600001, -23.600000,  5.840001, -23.600000
 10.000001, -23.600000,  10.160001, -23.600000
 5.280001, -23.360000,  5.440001, -23.360000
 5.920001, -23.360000,  6.080001, -23.360000
 4.240001, -23.120000,  4.400001, -23.120000
 4.320001, -22.960000,  4.480001, -22.960000
 5.280001, -22.960000,  5.440001, -22.960000
 4.240001, -22.880000,  4.400001, -22.880000
 5.280001, -22.880000,  5.440001, -22.880000
 4.320001, -22.800000,  4.480001, -22.800000
 4.960001, -22.800000,  5.120001, -22.800000
 5.600001, -22.800000,  5.760001, -22.800000
 4.640001, -22.720000,  4.800001, -22.720000
 5.600001, -22.720000,  5.760001, -22.720000
 4.880001, -22.640000,  5.040001, -22.640000
 5.120001, -22.640000,  5.280001, -22.640000
 6.000001, -22.400000,  6.160001, -22.400000
 5.840001, -22.320000,  6.000001, -22.320000
 4.560001, -22.240000,  4.720001, -22.240000
 5.680001, -22.240000,  5.920001, -22.240000
 4.400001, -22.160000,  4.560001, -22.160000
 5.920001, -22.160000,  6.080001, -22.160000
 4.400001, -22.000000,  4.560001, -22.000000
 12.160001, -21.840000,  12.320001, -21.840000
 4.080001, -21.760000,  4.240001, -21.760000
 4.480001, -21.680000,  4.640001, -21.680000
 4.880001, -21.680000,  5.040001, -21.680000
 4.400001, -21.600000,  4.560001, -21.600000
 4.960001, -21.600000,  5.120001, -21.600000
 4.720001, -21.520000,  5.280001, -21.520000
 9.920001, -21.520000,  10.080001, -21.520000
 4.880001, -21.440000,  5.120001, -21.440000
 8.240001, -21.440000,  8.560001, -21.440000
 4.080001, -21.360000,  4.400001, -21.360000
 4.880001, -21.360000,  5.040001, -21.360000
 8.000001, -21.360000,  8.240001, -21.360000
 9.920001, -21.360000,  10.080001, -21.360000
 12.160001, -21.360000,  12.320001, -21.360000
 4.000001, -21.280000,  4.160001, -21.280000
 8.560001, -21.280000,  8.720001, -21.280000
 3.680001, -21.200000,  3.840001, -21.200000
 4.000001, -21.200000,  4.160001, -21.200000
 4.400001, -21.200000,  4.560001, -21.200000
 8.160001, -21.200000,  8.320001, -21.200000
 3.680001, -21.120000,  3.920001, -21.120000
 4.480001, -21.120000,  4.640001, -21.120000
 5.120001, -21.120000,  5.360001, -21.120000
 8.160001, -21.120000,  8.320001, -21.120000
 4.960001, -21.040000,  5.120001, -21.040000
 3.920001, -20.960000,  4.160001, -20.960000
 4.400001, -20.960000,  4.640001, -20.960000
 7.920001, -20.960000,  8.800001, -20.960000
 3.360001, -20.880000,  3.600001, -20.880000
 3.280001, -20.720000,  3.680001, -20.720000
 9.760001, -20.080000,  10.000001, -20.080000
 3.760001, -20.000000,  3.920001, -20.000000
 10.480001, -20.000000,  10.800001, -20.000000
 12.160001, -20.000000,  12.320001, -20.000000
 12.160001, -19.920000,  12.320001, -19.920000
 3.760001, -19.760000,  4.000001, -19.760000
 5.440001, -19.760000,  5.760001, -19.760000
 9.680001, -19.760000,  9.840001, -19.760000
 5.760001, -19.680000,  6.320001, -19.680000
 5.600001, -19.600000,  6.080001, -19.600000
 6.320001, -19.600000,  6.640001, -19.600000
 9.040001, -19.600000,  9.280001, -19.600000
 10.800001, -19.600000,  10.960001, -19.600000
 13.840001, -19.600000,  14.000001, -19.600000
-0.879999, -19.520000, -0.719999, -19.520000
 6.080001, -19.520000,  6.480001, -19.520000
 9.360001, -19.520000,  10.000001, -19.520000
 10.720001, -19.520000,  10.960001, -19.520000
 13.840001, -19.520000,  14.000001, -19.520000
 9.520001, -19.440000,  9.680001, -19.440000
 10.000001, -19.440000,  10.800001, -19.440000
 10.880001, -19.440000,  11.120001, -19.440000
 9.120001, -19.360000,  9.280001, -19.360000
 9.680001, -19.360000,  10.480001, -19.360000
 11.120001, -19.360000,  11.680001, -19.360000
 5.360001, -19.280000,  5.840001, -19.280000
 5.920001, -19.280000,  6.080001, -19.280000
 10.480001, -19.280000,  11.360001, -19.280000
 11.680001, -19.280000,  11.920001, -19.280000
 12.320001, -19.280000,  12.640001, -19.280000
 4.160001, -19.200000,  4.400001, -19.200000
 4.640001, -19.200000,  4.800001, -19.200000
 11.360001, -19.200000,  11.920001, -19.200000
 12.320001, -19.200000,  12.480001, -19.200000
 4.000001, -19.120000,  4.320001, -19.120000
 5.680001, -19.120000,  6.160001, -19.120000
 12.480001, -19.120000,  12.720001, -19.120000
 4.560001, -19.040000,  4.800001, -19.040000
 3.840001, -18.880000,  4.000001, -18.880000
 4.400001, -18.880000,  4.560001, -18.880000
 9.760001, -18.880000,  10.240001, -18.880000
 10.240001, -18.800000,  10.480001, -18.800000
 3.760001, -18.720000,  4.000001, -18.720000
 9.760001, -18.720000,  10.240001, -18.720000
 10.240001, -18.640000,  10.400001, -18.640000
 3.920001, -18.560000,  4.480001, -18.560000
 4.800001, -18.560000,  5.040001, -18.560000
 5.600001, -18.480000,  5.920001, -18.480000
 3.920001, -18.400000,  4.080001, -18.400000
 4.560001, -18.400000,  4.800001, -18.400000
 4.880001, -18.400000,  5.040001, -18.400000
 5.280001, -18.400000,  5.520001, -18.400000
 9.600001, -18.400000,  9.760001, -18.400000
 3.680001, -18.320000,  3.920001, -18.320000
 4.160001, -18.320000,  4.320001, -18.320000
 4.880001, -18.320000,  5.040001, -18.320000
 5.520001, -18.320000,  6.080001, -18.320000
 3.680001, -18.240000,  3.840001, -18.240000
 9.600001, -18.240000,  9.760001, -18.240000
 10.320001, -18.240000,  10.480001, -18.240000
 4.080001, -18.080000,  4.320001, -18.080000
 4.480001, -18.080000,  4.720001, -18.080000
 4.800001, -18.080000,  4.960001, -18.080000
 10.560001, -18.080000,  10.720001, -18.080000
 4.320001, -18.000000,  4.480001, -18.000000
 10.240001, -18.000000,  10.400001, -18.000000
 5.600001, -17.920000,  6.000001, -17.920000
 10.160001, -17.920000,  10.720001, -17.920000
 10.800001, -17.920000,  10.960001, -17.920000
 5.360001, -17.840000,  5.600001, -17.840000
 5.840001, -17.840000,  6.000001, -17.840000
 10.960001, -17.840000,  11.120001, -17.840000
 5.520001, -17.760000,  5.840001, -17.760000
 10.160001, -17.760000,  10.320001, -17.760000
 10.720001, -17.760000,  10.880001, -17.760000
 10.560001, -17.680000,  10.720001, -17.680000
 10.880001, -17.680000,  11.040001, -17.680000
 11.040001, -17.600000,  11.200001, -17.600000
 5.600001, -17.120000,  6.000001, -17.120000
 10.240001, -17.120000,  10.400001, -17.120000
 10.800001, -17.120000,  10.960001, -17.120000
 5.840001, -17.040000,  6.080001, -17.040000
 10.480001, -17.040000,  10.640001, -17.040000
 5.360001, -16.960000,  5.840001, -16.960000
 10.160001, -16.960000,  10.320001, -16.960000
 10.640001, -16.960000,  10.960001, -16.960000
 10.320001, -16.880000,  10.720001, -16.880000
 10.880001, -16.880000,  11.040001, -16.880000
 11.840001, -16.880000,  12.000001, -16.880000
 11.280001, -16.720000,  11.680001, -16.720000
 11.280001, -16.640000,  11.440001, -16.640000
 11.520001, -16.640000,  11.680001, -16.640000
 11.840001, -16.560000,  12.000001, -16.560000
-1.119999, -16.400000, -0.959999, -16.400000
-1.119999, -16.320000, -0.959999, -16.320000
 14.080001, -16.240000,  14.240001, -16.240000
 4.320001, -15.520000,  4.480001, -15.520000
 3.040001, -15.440000,  3.200001, -15.440000
 3.360001, -15.440000,  3.520001, -15.440000
 3.680001, -15.440000,  3.920001, -15.440000
 4.320001, -15.440000,  4.480001, -15.440000
 3.520001, -15.360000,  3.680001, -15.360000
 4.320001, -15.360000,  4.640001, -15.360000
 4.720001, -15.360000,  4.880001, -15.360000
 3.360001, -15.280000,  4.080001, -15.280000
 4.320001, -15.280000,  4.560001, -15.280000
 4.640001, -15.280000,  4.800001, -15.280000
 3.360001, -15.120000,  3.680001, -15.120000
 6.640001, -15.120000,  6.800001, -15.120000
 7.600001, -15.120000,  7.760001, -15.120000
 3.520001, -15.040000,  3.920001, -15.040000
 4.080001, -15.040000,  4.240001, -15.040000
 6.800001, -15.040000,  7.600001, -15.040000
 10.880001, -15.040000,  11.040001, -15.040000
 3.760001, -14.960000,  3.920001, -14.960000
 4.240001, -14.960000,  4.400001, -14.960000
 4.720001, -14.960000,  4.960001, -14.960000
 13.760001, -14.960000,  13.920001, -14.960000
 3.600001, -14.880000,  3.760001, -14.880000
 4.080001, -14.880000,  4.400001, -14.880000
 6.800001, -14.880000,  6.960001, -14.880000
 7.360001, -14.880000,  7.520001, -14.880000
 11.520001, -14.880000,  12.000001, -14.880000
 3.360001, -14.800000,  3.520001, -14.800000
 10.640001, -14.800000,  10.800001, -14.800000
 11.440001, -14.800000,  12.000001, -14.800000
 9.120001, -14.720000,  9.760001, -14.720000
 13.520001, -14.720000,  13.760001, -14.720000
 3.120001, -14.640000,  3.440001, -14.640000
 4.720001, -14.640000,  4.880001, -14.640000
 8.720001, -14.640000,  8.960001, -14.640000
 9.120001, -14.640000,  9.360001, -14.640000
 9.760001, -14.640000,  10.320001, -14.640000
 10.640001, -14.640000,  10.880001, -14.640000
 7.360001, -14.560000,  7.520001, -14.560000
 9.360001, -14.560000,  10.000001, -14.560000
 10.320001, -14.560000,  10.880001, -14.560000
 8.720001, -14.480000,  8.960001, -14.480000
 10.000001, -14.480000,  10.240001, -14.480000
 10.960001, -14.480000,  11.680001, -14.480000
-1.279999, -14.400000, -1.119999, -14.400000
 3.280001, -14.400000,  3.440001, -14.400000
 10.240001, -14.400000,  10.880001, -14.400000
-1.279999, -14.320000, -1.119999, -14.320000
 3.680001, -14.320000,  3.920001, -14.320000
 4.000001, -14.320000,  4.160001, -14.320000
 4.560001, -14.320000,  4.720001, -14.320000
 7.360001, -14.320000,  7.520001, -14.320000
 10.880001, -14.320000,  11.200001, -14.320000
 11.280001, -14.320000,  11.680001, -14.320000
 6.320001, -14.240000,  6.560001, -14.240000
 3.360001, -14.160000,  3.520001, -14.160000
 4.000001, -14.160000,  4.240001, -14.160000
 4.560001, -14.160000,  4.800001, -14.160000
 6.320001, -14.160000,  6.560001, -14.160000
 6.640001, -14.160000,  6.800001, -14.160000
 7.360001, -14.160000,  7.680001, -14.160000
 3.760001, -14.080000,  3.920001, -14.080000
 3.520001, -14.000000,  3.920001, -14.000000
 4.320001, -13.920000,  4.560001, -13.920000
 4.640001, -13.920000,  4.880001, -13.920000
 3.280001, -13.840000,  3.760001, -13.840000
 6.240001, -13.840000,  6.480001, -13.840000
 7.280001, -13.840000,  7.520001, -13.840000
 10.480001, -13.840000,  10.960001, -13.840000
-4.079999, -13.760000, -3.919999, -13.760000
 4.640001, -13.760000,  4.800001, -13.760000
 6.320001, -13.760000,  6.480001, -13.760000
 10.720001, -13.760000,  11.040001, -13.760000
 6.480001, -13.680000,  6.640001, -13.680000
 10.640001, -13.680000,  10.800001, -13.680000
-4.079999, -13.600000, -3.919999, -13.600000
 7.440001, -13.600000,  7.600001, -13.600000
 10.720001, -13.600000,  10.880001, -13.600000
 7.440001, -13.440000,  7.760001, -13.440000
 10.800001, -13.440000,  10.960001, -13.440000
-4.079999, -13.360000, -3.919999, -13.360000
 7.440001, -13.360000,  7.600001, -13.360000
-1.679999, -13.280000, -1.519999, -13.280000
 7.520001, -13.280000,  7.680001, -13.280000
 10.720001, -13.280000,  11.120001, -13.280000
 10.560001, -13.200000,  10.880001, -13.200000
-4.079999, -13.120000, -3.919999, -13.120000
-1.759999, -13.120000, -1.599999, -13.120000
 7.440001, -13.120000,  7.600001, -13.120000
 7.520001, -13.040000,  7.680001, -13.040000
 7.200001, -12.960000,  7.520001, -12.960000
-2.239999, -12.880000, -2.079999, -12.880000
-1.839999, -12.880000, -1.679999, -12.880000
-1.279999, -12.800000, -1.119999, -12.800000
 7.280001, -12.800000,  7.520001, -12.800000
 0.560001, -12.720000,  0.720001, -12.720000
 7.360001, -12.720000,  7.600001, -12.720000
-1.839999, -12.640000, -1.679999, -12.640000
-1.439999, -12.640000, -1.199999, -12.640000
-1.919999, -12.560000, -1.199999, -12.560000
 7.520001, -12.240000,  7.680001, -12.240000
-1.199999, -12.160000, -0.879999, -12.160000
-0.639999, -12.160000, -0.319999, -12.160000
-1.279999, -12.080000, -0.879999, -12.080000
-0.479999, -12.080000, -0.319999, -12.080000
 2.880001, -12.000000,  3.280001, -12.000000
 6.560001, -12.000000,  6.800001, -12.000000
 3.280001, -11.920000,  4.640001, -11.920000
 6.560001, -11.920000,  6.880001, -11.920000
 7.040001, -11.920000,  7.200001, -11.920000
 2.880001, -11.840000,  4.320001, -11.840000
-0.719999, -11.760000, -0.559999, -11.760000
 0.000001, -11.760000,  0.240001, -11.760000
 4.320001, -11.760000,  4.800001, -11.760000
-0.639999, -11.680000, -0.479999, -11.680000
 0.240001, -11.680000,  0.400001, -11.680000
 0.000001, -11.600000,  0.320001, -11.600000
 11.520001, -11.520000,  11.680001, -11.520000
-0.479999, -11.440000, -0.319999, -11.440000
-1.199999, -11.280000, -1.039999, -11.280000
-1.039999, -11.200000, -0.799999, -11.200000
-1.199999, -11.120000, -1.039999, -11.120000
-0.319999, -11.120000, -0.079999, -11.120000
-5.999999, -11.040000, -5.839999, -11.040000
-1.039999, -11.040000, -0.879999, -11.040000
-0.079999, -11.040000,  0.240001, -11.040000
-0.399999, -10.960000,  0.080001, -10.960000
-0.399999, -10.880000, -0.239999, -10.880000
-0.719999, -10.800000, -0.559999, -10.800000
-0.159999, -10.720000,  0.160001, -10.720000
 3.760001, -10.720000,  3.920001, -10.720000
 4.240001, -10.720000,  4.800001, -10.720000
-5.999999, -10.640000, -5.839999, -10.640000
-1.119999, -10.640000, -0.799999, -10.640000
 3.920001, -10.640000,  4.240001, -10.640000
 4.800001, -10.640000,  5.360001, -10.640000
-1.759999, -10.560000, -1.599999, -10.560000
-1.359999, -10.560000, -1.199999, -10.560000
-0.399999, -10.560000, -0.159999, -10.560000
 3.840001, -10.560000,  4.160001, -10.560000
 4.320001, -10.560000,  4.720001, -10.560000
 4.880001, -10.560000,  5.040001, -10.560000
-1.279999, -10.480000, -1.119999, -10.480000
-0.559999, -10.480000, -0.399999, -10.480000
-0.079999, -10.480000,  0.080001, -10.480000
 2.080001, -10.480000,  2.640001, -10.480000
 4.160001, -10.480000,  4.320001, -10.480000
 5.040001, -10.480000,  5.200001, -10.480000
 5.360001, -10.480000,  5.920001, -10.480000
 8.080001, -10.480000,  8.960001, -10.480000
-0.799999, -10.400000, -0.559999, -10.400000
-0.479999, -10.400000, -0.159999, -10.400000
 2.160001, -10.400000,  2.640001, -10.400000
 5.120001, -10.400000,  5.440001, -10.400000
 5.920001, -10.400000,  6.800001, -10.400000
 6.880001, -10.400000,  7.200001, -10.400000
 8.240001, -10.400000,  8.480001, -10.400000
-1.119999, -10.320000, -0.799999, -10.320000
-0.399999, -10.320000, -0.239999, -10.320000
 5.440001, -10.320000,  6.160001, -10.320000
 6.400001, -10.320000,  6.640001, -10.320000
 6.880001, -10.320000,  7.200001, -10.320000
 7.360001, -10.320000,  7.760001, -10.320000
 8.480001, -10.320000,  8.720001, -10.320000
-0.479999, -10.240000, -0.319999, -10.240000
 0.000001, -10.240000,  0.160001, -10.240000
 6.640001, -10.240000,  6.800001, -10.240000
 7.280001, -10.240000,  7.520001, -10.240000
 9.600001, -10.240000,  9.760001, -10.240000
-1.519999, -10.160000, -1.279999, -10.160000
-0.239999, -10.160000, -0.079999, -10.160000
 0.000001, -10.160000,  0.160001, -10.160000
 2.160001, -10.160000,  2.320001, -10.160000
 2.800001, -10.160000,  3.040001, -10.160000
 9.600001, -10.160000,  9.760001, -10.160000
 2.320001, -10.080000,  2.560001, -10.080000
 3.040001, -10.080000,  3.200001, -10.080000
 4.080001, -10.080000,  4.560001, -10.080000
-6.159999, -10.000000, -5.999999, -10.000000
-1.519999, -10.000000, -1.359999, -10.000000
 3.680001, -10.000000,  4.080001, -10.000000
 2.240001, -9.920000,  2.400001, -9.920000
 4.240001, -9.920000,  4.400001, -9.920000
 11.520001, -9.920000,  11.680001, -9.920000
-6.399999, -9.840000, -6.159999, -9.840000
 2.560001, -9.840000,  2.720001, -9.840000
 3.040001, -9.840000,  3.280001, -9.840000
 3.920001, -9.840000,  4.240001, -9.840000
 4.320001, -9.840000,  4.560001, -9.840000
-1.679999, -9.760000, -1.519999, -9.760000
-0.559999, -9.760000, -0.399999, -9.760000
 2.720001, -9.760000,  2.960001, -9.760000
 4.400001, -9.760000,  4.560001, -9.760000
 9.360001, -9.760000,  10.000001, -9.760000
 7.680001, -9.680000,  8.080001, -9.680000
 2.000001, -9.600000,  2.160001, -9.600000
 3.040001, -9.600000,  3.200001, -9.600000
 7.600001, -9.600000,  8.160001, -9.600000
 8.880001, -9.600000,  9.280001, -9.600000
 9.360001, -9.600000,  9.920001, -9.600000
 2.400001, -9.520000,  2.640001, -9.520000
 2.960001, -9.520000,  3.120001, -9.520000
 8.800001, -9.520000,  9.040001, -9.520000
 10.080001, -9.520000,  11.280001, -9.520000
 9.040001, -9.440000,  9.280001, -9.440000
 9.920001, -9.440000,  10.560001, -9.440000
 2.720001, -9.360000,  2.880001, -9.360000
 10.720001, -9.360000,  11.520001, -9.360000
 2.240001, -9.200000,  2.560001, -9.200000
 2.880001, -9.200000,  3.120001, -9.200000
 3.200001, -9.200000,  3.440001, -9.200000
 2.160001, -9.120000,  2.480001, -9.120000
 2.560001, -9.120000,  2.720001, -9.120000
 3.120001, -9.120000,  3.280001, -9.120000
 3.920001, -9.120000,  4.080001, -9.120000
 4.400001, -9.120000,  4.560001, -9.120000
 4.080001, -9.040000,  4.560001, -9.040000
 1.920001, -8.960000,  2.480001, -8.960000
 2.720001, -8.960000,  3.040001, -8.960000
 4.000001, -8.960000,  4.240001, -8.960000
 2.160001, -8.880000,  2.480001, -8.880000
 14.480001, -8.880000,  14.720001, -8.880000
 2.000001, -8.800000,  2.160001, -8.800000
 15.120001, -8.800000,  15.280001, -8.800000
 14.560001, -8.720000,  14.720001, -8.720000
-1.039999, -8.640000, -0.639999, -8.640000
-2.879999, -8.560000, -2.719999, -8.560000
-0.879999, -8.560000, -0.719999, -8.560000
 14.560001, -8.560000,  14.800001, -8.560000
-1.439999, -8.480000, -1.199999, -8.480000
-0.719999, -8.480000, -0.559999, -8.480000
 2.000001, -8.480000,  2.560001, -8.480000
-2.159999, -8.400000, -1.999999, -8.400000
 1.920001, -8.400000,  2.080001, -8.400000
-2.159999, -8.320000, -1.919999, -8.320000
 2.080001, -8.320000,  2.480001, -8.320000
-2.639999, -8.160000, -2.479999, -8.160000
-2.399999, -8.160000, -1.919999, -8.160000
-1.039999, -8.160000, -0.879999, -8.160000
-1.519999, -8.080000, -1.359999, -8.080000
-2.319999, -8.000000, -1.999999, -8.000000
-1.359999, -8.000000, -1.199999, -8.000000
-1.519999, -7.920000, -1.359999, -7.920000
-6.959999, -7.760000, -6.799999, -7.760000
 13.760001, -7.760000,  13.920001, -7.760000
 3.920001, -7.680000,  4.080001, -7.680000
 13.760001, -7.680000,  13.920001, -7.680000
 4.000001, -7.520000,  4.160001, -7.520000
-4.639999, -7.120000, -4.479999, -7.120000
 14.080001, -7.120000,  14.240001, -7.120000
-3.039999, -7.040000, -2.879999, -7.040000
-1.199999, -6.960000, -1.039999, -6.960000
 15.760001, -6.960000,  15.920001, -6.960000
-1.359999, -6.880000, -1.199999, -6.880000
 0.400001, -6.880000,  0.720001, -6.880000
-6.079999, -6.800000, -5.919999, -6.800000
 16.480000, -6.720000,  16.640000, -6.720000
-0.799999, -6.640000, -0.639999, -6.640000
-2.319999, -6.560000, -1.999999, -6.560000
-1.279999, -6.560000, -1.119999, -6.560000
-2.319999, -6.400000, -2.159999, -6.400000
-1.039999, -6.400000, -0.879999, -6.400000
 0.480001, -6.400000,  0.640001, -6.400000
 3.920001, -6.400000,  4.080001, -6.400000
 0.320001, -6.320000,  0.480001, -6.320000
 0.640001, -6.320000,  0.800001, -6.320000
 13.200001, -6.160000,  13.360001, -6.160000
 4.400001, -6.000000,  4.880001, -6.000000
 4.320001, -5.920000,  4.480001, -5.920000
 4.880001, -5.920000,  5.920001, -5.920000
 4.480001, -5.840000,  5.120001, -5.840000
 5.200001, -5.840000,  5.360001, -5.840000
 5.920001, -5.840000,  6.080001, -5.840000
 6.160001, -5.840000,  6.800001, -5.840000
-5.119999, -5.760000, -4.959999, -5.760000
-1.999999, -5.760000, -1.839999, -5.760000
 5.360001, -5.760000,  5.840001, -5.760000
 5.920001, -5.760000,  6.400001, -5.760000
 6.480001, -5.760000,  6.720001, -5.760000
 6.800001, -5.760000,  6.960001, -5.760000
 7.040001, -5.760000,  7.600001, -5.760000
 15.120001, -5.760000,  15.280001, -5.760000
-5.119999, -5.680000, -4.959999, -5.680000
-2.159999, -5.680000, -1.919999, -5.680000
 3.920001, -5.680000,  4.240001, -5.680000
 6.720001, -5.680000,  6.960001, -5.680000
 7.040001, -5.680000,  7.280001, -5.680000
 7.840001, -5.680000,  8.160001, -5.680000
-4.719999, -5.600000, -4.559999, -5.600000
 7.440001, -5.600000,  7.600001, -5.600000
 7.920001, -5.600000,  8.160001, -5.600000
-0.479999, -5.520000, -0.319999, -5.520000
 3.920001, -5.520000,  4.400001, -5.520000
 7.200001, -5.440000,  7.360001, -5.440000
 7.120001, -5.280000,  7.280001, -5.280000
 7.440001, -5.280000,  7.600001, -5.280000
-4.319999, -5.200000, -4.159999, -5.200000
-2.559999, -5.120000, -2.399999, -5.120000
 6.080001, -5.120000,  6.240001, -5.120000
 7.760001, -5.120000,  7.920001, -5.120000
 5.760001, -5.040000,  6.080001, -5.040000
 6.160001, -5.040000,  6.480001, -5.040000
-3.839999, -4.960000, -3.679999, -4.960000
-2.159999, -4.960000, -1.999999, -4.960000
 6.080001, -4.960000,  6.320001, -4.960000
 6.480001, -4.960000,  6.640001, -4.960000
 7.920001, -4.960000,  8.400001, -4.960000
-3.839999, -4.880000, -3.679999, -4.880000
 6.320001, -4.880000,  6.560001, -4.880000
 7.760001, -4.880000,  7.920001, -4.880000
 8.800001, -4.880000,  9.280001, -4.880000
 9.360001, -4.880000,  9.760001, -4.880000
 12.960001, -4.880000,  13.120001, -4.880000
-2.079999, -4.800000, -1.919999, -4.800000
-0.639999, -4.800000, -0.479999, -4.800000
 4.800001, -4.800000,  4.960001, -4.800000
 6.560001, -4.800000,  6.720001, -4.800000
 8.080001, -4.800000,  8.320001, -4.800000
 8.880001, -4.800000,  9.040001, -4.800000
 9.760001, -4.800000,  10.000001, -4.800000
 10.080001, -4.800000,  10.880001, -4.800000
 11.200001, -4.800000,  11.440001, -4.800000
 11.520001, -4.800000,  11.920001, -4.800000
 12.560001, -4.800000,  12.720001, -4.800000
-2.479999, -4.720000, -2.319999, -4.720000
-0.799999, -4.720000, -0.639999, -4.720000
-0.479999, -4.720000, -0.319999, -4.720000
 7.120001, -4.720000,  7.280001, -4.720000
 8.000001, -4.720000,  8.240001, -4.720000
 9.040001, -4.720000,  10.000001, -4.720000
 10.160001, -4.720000,  10.320001, -4.720000
 10.880001, -4.720000,  11.200001, -4.720000
 11.440001, -4.720000,  11.680001, -4.720000
 0.000001, -4.640000,  0.320001, -4.640000
 4.080001, -4.640000,  4.240001, -4.640000
 7.280001, -4.640000,  7.440001, -4.640000
 10.320001, -4.640000,  10.640001, -4.640000
 10.720001, -4.640000,  10.960001, -4.640000
 11.040001, -4.640000,  11.440001, -4.640000
 11.680001, -4.640000,  11.920001, -4.640000
 12.800001, -4.640000,  12.960001, -4.640000
-0.719999, -4.560000, -0.479999, -4.560000
 8.560001, -4.560000,  8.800001, -4.560000
 10.560001, -4.560000,  10.720001, -4.560000
 10.880001, -4.560000,  11.040001, -4.560000
 0.080001, -4.480000,  0.320001, -4.480000
 8.080001, -4.480000,  8.880001, -4.480000
 10.640001, -4.480000,  10.960001, -4.480000
 12.720001, -4.480000,  12.880001, -4.480000
 0.320001, -4.400000,  0.480001, -4.400000
 10.560001, -4.400000,  10.880001, -4.400000
-1.039999, -4.240000, -0.879999, -4.240000
-1.039999, -4.080000, -0.879999, -4.080000
 12.960001, -3.920000,  13.120001, -3.920000
-5.759999, -3.840000, -5.599999, -3.840000
 0.480001, -3.840000,  1.440001, -3.840000
 6.880001, -3.840000,  7.200001, -3.840000
 0.560001, -3.760000,  0.720001, -3.760000
 1.440001, -3.760000,  1.680001, -3.760000
 7.120001, -3.760000,  7.520001, -3.760000
 7.600001, -3.760000,  7.920001, -3.760000
 12.880001, -3.760000,  13.040001, -3.760000
-0.239999, -3.680000, -0.079999, -3.680000
 0.720001, -3.680000,  0.960001, -3.680000
 1.120001, -3.680000,  1.600001, -3.680000
 6.720001, -3.680000,  7.280001, -3.680000
 7.280001, -3.600000,  8.000001, -3.600000
 1.040001, -3.360000,  1.200001, -3.360000
 1.200001, -3.280000,  1.520001, -3.280000
 0.960001, -3.200000,  1.440001, -3.200000
-1.119999, -3.120000, -0.879999, -3.120000
-1.119999, -2.960000, -0.959999, -2.960000
-0.479999, -2.880000, -0.319999, -2.880000
-0.479999, -2.800000, -0.319999, -2.800000
-0.559999, -2.560000, -0.319999, -2.560000
-0.239999, -2.560000, -0.079999, -2.560000
-0.479999, -2.400000, -0.319999, -2.400000
-0.239999, -2.400000,  0.000001, -2.400000
 0.160001, -2.400000,  0.320001, -2.400000
 0.800001, -2.400000,  0.960001, -2.400000
 13.280001, -2.400000,  13.440001, -2.400000
 0.320001, -2.320000,  0.880001, -2.320000
 13.280001, -2.320000,  13.440001, -2.320000
 0.240001, -2.240000,  0.800001, -2.240000
 0.880001, -2.240000,  1.040001, -2.240000
 13.120001, -2.240000,  13.280001, -2.240000
 12.080001, -2.160000,  12.240001, -2.160000
 13.120001, -2.160000,  13.280001, -2.160000
 12.080001, -2.000000,  12.240001, -2.000000
-1.119999, -1.840000, -0.879999, -1.840000
-1.279999, -1.760000, -1.119999, -1.760000
 12.640001, -1.680000,  12.880001, -1.680000
 12.320001, -1.600000,  12.640001, -1.600000
 11.520001, -1.520000,  11.680001, -1.520000
 11.760001, -1.520000,  12.160001, -1.520000
 12.240001, -1.520000,  12.400001, -1.520000
 11.680001, -1.440000,  11.920001, -1.440000
 12.240001, -1.440000,  12.400001, -1.440000
 11.680001, -1.360000,  11.840001, -1.360000
 11.920001, -1.360000,  12.080001, -1.360000
 12.240001, -1.360000,  12.560001, -1.360000
-1.359999, -1.280000, -1.199999, -1.280000
 12.560001, -1.280000,  12.720001, -1.280000
 11.840001, -1.200000,  12.080001, -1.200000
 11.760001, -1.120000,  11.920001, -1.120000
 12.000001, -1.040000,  12.160001, -1.040000
 11.680001, -0.960000,  11.840001, -0.960000
 11.920001, -0.960000,  12.240001, -0.960000
 11.520001, -0.880000,  11.840001, -0.880000
 11.920001, -0.880000,  12.160001, -0.880000
-2.319999, -0.800000, -2.159999, -0.800000
 10.080001, -0.720000,  10.240001, -0.720000
 12.240001, -0.720000,  12.400001, -0.720000
 10.080001, -0.640000,  10.240001, -0.640000
 11.760001, -0.240000,  11.920001, -0.240000
 10.320001, -0.080000,  10.480001, -0.080000
 10.560001, -0.080000,  10.720001, -0.080000
-2.559999, -0.000000, -2.319999, -0.000000
 9.600001, -0.000000,  9.840001, -0.000000
 10.560001,  0.080000,  10.720001,  0.080000
 11.840001,  0.080000,  12.000001,  0.080000
-2.399999,  0.160000, -2.239999,  0.160000
 9.680001,  0.160000,  10.000001,  0.160000
 11.120001,  0.160000,  11.360001,  0.160000
 9.360001,  0.240000,  9.520001,  0.240000
 12.560001,  0.240000,  12.720001,  0.240000
 11.200001,  0.320000,  11.440001,  0.320000
 11.520001,  0.400000,  11.680001,  0.400000
 12.640001,  0.400000,  12.800001,  0.400000
 11.040001,  0.480000,  11.200001,  0.480000
 9.600001,  0.560000,  9.760001,  0.560000
 9.600001,  0.640000,  9.760001,  0.640000
 11.040001,  0.640000,  11.200001,  0.640000
 2.160001,  0.800000,  2.320001,  0.800000
 12.080001,  0.800000,  12.240001,  0.800000
 9.760001,  0.880000,  9.920001,  0.880000
 10.000001,  0.880000,  10.240001,  0.880000
 9.200001,  0.960000,  9.360001,  0.960000
 10.080001,  1.040000,  10.240001,  1.040000
 12.080001,  1.040000,  12.320001,  1.040000
 11.120001,  1.120000,  11.280001,  1.120000
 12.320001,  1.120000,  12.480001,  1.120000
 12.640001,  1.120000,  12.800001,  1.120000
-0.879999,  1.200000, -0.479999,  1.200000
 9.200001,  1.200000,  9.360001,  1.200000
 10.080001,  1.200000,  10.240001,  1.200000
-1.359999,  1.280000, -0.959999,  1.280000
-0.879999,  1.280000, -0.639999,  1.280000
 10.960001,  1.280000,  11.200001,  1.280000
 10.000001,  1.520000,  10.160001,  1.520000
 12.240001,  1.520000,  12.400001,  1.520000
-2.399999,  1.600000, -2.159999,  1.600000
 10.400001,  1.600000,  10.560001,  1.600000
 10.640001,  1.600000,  11.040001,  1.600000
 12.240001,  1.600000,  12.400001,  1.600000
-2.399999,  1.680000, -2.159999,  1.680000
 10.000001,  1.680000,  10.160001,  1.680000
 10.640001,  1.680000,  11.120001,  1.680000
 12.000001,  1.680000,  12.240001,  1.680000
 12.480001,  1.680000,  12.640001,  1.680000
 1.360001,  1.760000,  1.520001,  1.760000
-2.559999,  2.320000, -2.399999,  2.320000
-2.159999,  2.320000, -1.919999,  2.320000
-1.359999,  2.320000, -1.199999,  2.320000
-2.159999,  2.400000, -1.919999,  2.400000
-1.359999,  2.480000, -1.199999,  2.480000
 11.360001,  2.480000,  11.680001,  2.480000
-0.639999,  2.560000,  0.000001,  2.560000
 10.400001,  2.560000,  10.560001,  2.560000
 11.680001,  2.560000,  11.840001,  2.560000
 12.000001,  2.560000,  12.160001,  2.560000
 12.240001,  2.560000,  12.480001,  2.560000
 6.560001,  2.640000,  6.800001,  2.640000
 11.440001,  2.640000,  11.680001,  2.640000
 11.840001,  2.640000,  12.000001,  2.640000
 12.240001,  2.640000,  12.400001,  2.640000
-0.639999,  2.720000, -0.479999,  2.720000
-0.399999,  2.720000, -0.079999,  2.720000
 6.640001,  2.720000,  6.800001,  2.720000
 9.120001,  2.720000,  9.360001,  2.720000
 11.680001,  2.720000,  12.240001,  2.720000
-4.639999,  2.800000, -4.479999,  2.800000
 2.720001,  2.800000,  2.880001,  2.800000
 12.160001,  2.800000,  12.400001,  2.800000
-2.079999,  2.880000, -1.759999,  2.880000
-0.719999,  2.880000, -0.559999,  2.880000
 3.040001,  2.880000,  3.360001,  2.880000
 9.040001,  2.880000,  9.200001,  2.880000
 12.320001,  2.880000,  12.640001,  2.880000
-1.759999,  2.960000, -1.439999,  2.960000
-0.719999,  2.960000, -0.559999,  2.960000
-0.239999,  2.960000,  0.000001,  2.960000
 2.960001,  2.960000,  3.200001,  2.960000
 4.000001,  2.960000,  4.240001,  2.960000
 10.320001,  2.960000,  10.480001,  2.960000
 11.600001,  2.960000,  11.760001,  2.960000
-2.079999,  3.040000, -1.839999,  3.040000
 3.200001,  3.040000,  3.360001,  3.040000
 10.080001,  3.040000,  10.240001,  3.040000
 10.480001,  3.040000,  10.880001,  3.040000
 11.360001,  3.040000,  11.600001,  3.040000
-1.839999,  3.120000, -1.599999,  3.120000
 0.480001,  3.120000,  0.800001,  3.120000
 10.480001,  3.120000,  10.640001,  3.120000
 10.880001,  3.120000,  11.520001,  3.120000
 0.480001,  3.200000,  0.720001,  3.200000
 6.160001,  3.200000,  6.400001,  3.200000
 10.240001,  3.200000,  10.400001,  3.200000
 10.560001,  3.200000,  11.040001,  3.200000
 0.720001,  3.280000,  0.960001,  3.280000
 11.040001,  3.280000,  11.680001,  3.280000
 6.160001,  3.360000,  6.400001,  3.360000
 8.400001,  3.360000,  8.960001,  3.360000
 9.200001,  3.440000,  9.360001,  3.440000
-0.559999,  3.520000, -0.399999,  3.520000
 3.680001,  3.520000,  4.000001,  3.520000
 6.080001,  3.520000,  6.240001,  3.520000
 8.400001,  3.520000,  8.560001,  3.520000
 9.360001,  3.520000,  9.600001,  3.520000
-0.479999,  3.600000, -0.319999,  3.600000
 3.600001,  3.600000,  3.840001,  3.600000
 4.080001,  3.600000,  4.240001,  3.600000
 6.000001,  3.600000,  6.240001,  3.600000
 8.800001,  3.600000,  8.960001,  3.600000
 9.200001,  3.600000,  9.360001,  3.600000
 9.920001,  3.600000,  10.320001,  3.600000
-0.559999,  3.680000, -0.319999,  3.680000
 0.480001,  3.680000,  0.640001,  3.680000
 3.840001,  3.680000,  4.000001,  3.680000
 4.080001,  3.680000,  4.240001,  3.680000
 5.920001,  3.680000,  6.080001,  3.680000
 8.960001,  3.680000,  9.200001,  3.680000
 10.320001,  3.680000,  10.480001,  3.680000
 4.000001,  3.760000,  4.160001,  3.760000
 4.800001,  3.760000,  4.960001,  3.760000
 6.240001,  3.760000,  6.400001,  3.760000
 10.000001,  3.760000,  10.160001,  3.760000
 10.240001,  3.760000,  10.480001,  3.760000
 0.480001,  3.840000,  0.640001,  3.840000
 1.440001,  3.840000,  1.760001,  3.840000
 1.840001,  3.840000,  2.160001,  3.840000
 2.400001,  3.840000,  2.640001,  3.840000
 4.800001,  3.840000,  5.040001,  3.840000
 8.640001,  3.840000,  8.800001,  3.840000
-1.519999,  3.920000, -1.119999,  3.920000
 1.360001,  3.920000,  1.600001,  3.920000
 1.760001,  3.920000,  1.920001,  3.920000
 2.640001,  3.920000,  2.880001,  3.920000
-1.119999,  4.000000, -0.959999,  4.000000
-0.319999,  4.080000, -0.159999,  4.080000
 1.840001,  4.080000,  2.080001,  4.080000
 2.320001,  4.080000,  3.200001,  4.080000
 4.960001,  4.080000,  5.120001,  4.080000
 8.640001,  4.080000,  8.800001,  4.080000
-0.639999,  4.160000, -0.479999,  4.160000
 0.400001,  4.160000,  0.560001,  4.160000
 2.320001,  4.160000,  2.480001,  4.160000
 3.920001,  4.160000,  4.080001,  4.160000
-1.679999,  4.240000, -1.519999,  4.240000
-1.439999,  4.240000, -1.279999,  4.240000
-1.119999,  4.240000, -0.959999,  4.240000
-0.239999,  4.240000, -0.079999,  4.240000
 2.880001,  4.240000,  3.200001,  4.240000
 3.920001,  4.240000,  4.080001,  4.240000
 6.720001,  4.240000,  6.880001,  4.240000
-0.799999,  4.320000, -0.399999,  4.320000
 0.320001,  4.320000,  0.560001,  4.320000
 3.040001,  4.320000,  3.200001,  4.320000
 5.920001,  4.320000,  6.080001,  4.320000
-0.799999,  4.400000, -0.639999,  4.400000
-0.399999,  4.400000, -0.159999,  4.400000
 0.000001,  4.400000,  0.320001,  4.400000
 6.720001,  4.400000,  6.880001,  4.400000
 8.240001,  4.400000,  8.400001,  4.400000
 9.280001,  4.400000,  9.440001,  4.400000
 10.000001,  4.400000,  10.160001,  4.400000
 0.880001,  4.480000,  1.120001,  4.480000
 1.200001,  4.480000,  1.440001,  4.480000
 2.400001,  4.480000,  3.040001,  4.480000
 3.120001,  4.480000,  3.520001,  4.480000
 9.280001,  4.480000,  9.440001,  4.480000
 9.840001,  4.480000,  10.000001,  4.480000
 10.240001,  4.480000,  10.480001,  4.480000
 0.640001,  4.560000,  1.200001,  4.560000
 1.280001,  4.560000,  1.520001,  4.560000
 1.760001,  4.560000,  1.920001,  4.560000
 2.160001,  4.560000,  2.400001,  4.560000
 7.040001,  4.560000,  7.440001,  4.560000
 7.840001,  4.560000,  8.320001,  4.560000
 8.560001,  4.560000,  8.800001,  4.560000
 11.440001,  4.560000,  11.600001,  4.560000
-0.239999,  4.640000, -0.079999,  4.640000
 1.440001,  4.640000,  1.600001,  4.640000
 2.560001,  4.640000,  2.720001,  4.640000
 2.800001,  4.640000,  2.960001,  4.640000
 3.040001,  4.640000,  3.520001,  4.640000
 3.840001,  4.640000,  4.080001,  4.640000
 4.240001,  4.640000,  4.640001,  4.640000
 4.800001,  4.640000,  4.960001,  4.640000
 7.920001,  4.640000,  8.400001,  4.640000
 8.560001,  4.640000,  8.800001,  4.640000
 10.320001,  4.640000,  10.480001,  4.640000
 10.800001,  4.640000,  10.960001,  4.640000
 11.440001,  4.640000,  11.600001,  4.640000
 2.000001,  4.720000,  2.160001,  4.720000
 3.600001,  4.720000,  3.840001,  4.720000
 4.080001,  4.720000,  4.240001,  4.720000
 4.640001,  4.720000,  4.800001,  4.720000
 4.960001,  4.720000,  5.120001,  4.720000
 5.360001,  4.720000,  5.520001,  4.720000
 5.760001,  4.720000,  5.920001,  4.720000
 6.240001,  4.720000,  6.880001,  4.720000
 8.400001,  4.720000,  8.560001,  4.720000
 8.640001,  4.720000,  8.880001,  4.720000
 10.800001,  4.720000,  11.040001,  4.720000
 0.400001,  4.800000,  0.560001,  4.800000
 5.520001,  4.800000,  5.680001,  4.800000
 5.920001,  4.800000,  6.080001,  4.800000
 6.880001,  4.800000,  7.040001,  4.800000
 7.360001,  4.800000,  7.680001,  4.800000
 8.160001,  4.800000,  8.640001,  4.800000
 8.960001,  4.800000,  9.120001,  4.800000
 1.920001,  4.880000,  2.080001,  4.880000
 3.600001,  4.880000,  4.320001,  4.880000
 4.560001,  4.880000,  4.720001,  4.880000
 4.800001,  4.880000,  5.280001,  4.880000
 6.320001,  4.880000,  6.960001,  4.880000
 7.120001,  4.880000,  7.520001,  4.880000
 8.000001,  4.880000,  8.160001,  4.880000
 8.400001,  4.880000,  8.560001,  4.880000
 8.800001,  4.880000,  8.960001,  4.880000
 9.760001,  4.880000,  10.000001,  4.880000
 11.280001,  4.880000,  11.440001,  4.880000
 5.280001,  4.960000,  5.440001,  4.960000
 5.520001,  4.960000,  5.920001,  4.960000
 6.960001,  4.960000,  7.120001,  4.960000
 7.520001,  4.960000,  8.400001,  4.960000
 9.840001,  4.960000,  10.000001,  4.960000
-0.559999,  5.040000, -0.399999,  5.040000
 8.400001,  5.040000,  9.120001,  5.040000
 10.160001,  5.040000,  10.480001,  5.040000
 6.000001,  5.120000,  6.160001,  5.120000
 9.120001,  5.120000,  9.280001,  5.120000
 9.680001,  5.120000,  9.840001,  5.120000
 9.920001,  5.120000,  10.480001,  5.120000
 1.600001,  5.280000,  1.920001,  5.280000
 1.600001,  5.360000,  1.920001,  5.360000
-0.559999,  5.600000, -0.399999,  5.600000
 1.040001,  7.520000,  1.200001,  7.520000
 1.280001,  7.760000,  1.440001,  7.760000
 1.360001,  7.840000,  1.520001,  7.840000
 1.440001,  8.000000,  1.600001,  8.000000
 1.520001,  8.160000,  1.760001,  8.160000
 1.680001,  8.320000,  1.920001,  8.320000
 1.760001,  8.400000,  1.920001,  8.400000
 8.800001,  10.560000,  8.960001,  10.560000
-8.319999, -13.200000, -8.319999, -13.040000
-8.239999, -13.200000, -8.239999, -13.040000
-6.879999, -7.840000, -6.879999, -7.680000
-6.719999, -7.360000, -6.719999, -7.200000
-6.639999, -7.360000, -6.639999, -7.200000
-6.079999, -10.080000, -6.079999, -9.920000
-6.079999, -6.960000, -6.079999, -6.800000
-5.999999, -10.640000, -5.999999, -10.480000
-5.919999, -11.120000, -5.919999, -10.880000
-5.839999, -11.040000, -5.839999, -10.880000
-5.679999, -3.920000, -5.679999, -3.760000
-4.719999, -5.600000, -4.719999, -5.440000
-4.639999, -7.120000, -4.639999, -6.880000
-4.639999, -5.680000, -4.639999, -5.440000
-4.559999, -7.200000, -4.559999, -6.880000
-4.559999,  2.720000, -4.559999,  2.880000
-4.319999, -5.360000, -4.319999, -5.200000
-4.239999, -5.360000, -4.239999, -5.120000
-3.999999, -13.680000, -3.999999, -13.520000
-3.999999, -13.280000, -3.999999, -13.040000
-3.919999, -13.760000, -3.919999, -13.600000
-3.919999, -13.360000, -3.919999, -13.120000
-3.039999, -8.640000, -3.039999, -8.400000
-3.039999, -7.040000, -3.039999, -6.880000
-2.959999, -8.640000, -2.959999, -8.400000
-2.719999, -8.560000, -2.719999, -8.400000
-2.719999,  2.080000, -2.719999,  2.480000
-2.639999, -8.160000, -2.639999, -8.000000
-2.639999, -5.040000, -2.639999, -4.880000
-2.639999,  0.640000, -2.639999,  1.440000
-2.639999,  1.520000, -2.639999,  2.080000
-2.639999,  2.480000, -2.639999,  2.640000
-2.559999, -0.000000, -2.559999,  0.400000
-2.559999,  0.480000, -2.559999,  0.640000
-2.479999, -5.360000, -2.479999, -4.960000
-2.479999, -1.920000, -2.479999, -1.760000
-2.479999, -1.280000, -2.479999, -1.120000
-2.479999, -1.040000, -2.479999, -0.880000
-2.479999,  0.240000, -2.479999,  1.280000
-2.479999,  1.760000, -2.479999,  2.240000
-2.399999, -5.360000, -2.399999, -5.120000
-2.399999, -3.280000, -2.399999, -3.120000
-2.399999, -2.560000, -2.399999, -1.920000
-2.399999, -1.760000, -2.399999, -1.440000
-2.399999, -1.120000, -2.399999, -0.960000
-2.399999, -0.720000, -2.399999, -0.560000
-2.399999,  1.280000, -2.399999,  1.600000
-2.399999,  2.320000, -2.399999,  2.480000
-2.319999, -6.560000, -2.319999, -6.400000
-2.319999, -4.320000, -2.319999, -4.160000
-2.319999, -3.840000, -2.319999, -3.600000
-2.319999, -3.520000, -2.319999, -3.280000
-2.319999, -3.120000, -2.319999, -2.560000
-2.319999, -1.680000, -2.319999, -1.120000
-2.319999, -0.960000, -2.319999, -0.800000
-2.319999, -0.560000, -2.319999, -0.000000
-2.239999, -13.280000, -2.239999, -12.880000
-2.239999, -8.960000, -2.239999, -8.800000
-2.239999, -4.640000, -2.239999, -4.320000
-2.239999, -4.160000, -2.239999, -3.840000
-2.239999, -2.880000, -2.239999, -1.840000
-2.239999, -0.160000, -2.239999,  0.160000
-2.159999, -9.120000, -2.159999, -8.800000
-2.159999, -8.320000, -2.159999, -8.080000
-2.159999, -7.920000, -2.159999, -6.800000
-2.159999, -6.240000, -2.159999, -5.680000
-2.159999, -4.560000, -2.159999, -4.320000
-2.159999, -4.080000, -2.159999, -3.920000
-2.159999, -3.840000, -2.159999, -3.200000
-2.159999, -3.040000, -2.159999, -2.880000
-2.159999, -0.800000, -2.159999, -0.320000
-2.079999, -13.360000, -2.079999, -12.880000
-2.079999, -8.800000, -2.079999, -8.480000
-2.079999, -8.080000, -2.079999, -7.920000
-2.079999, -4.800000, -2.079999, -4.560000
-2.079999, -3.200000, -2.079999, -3.040000
-2.079999,  2.880000, -2.079999,  3.040000
-1.999999, -9.120000, -1.999999, -8.800000
-1.999999, -7.840000, -1.999999, -7.360000
-1.999999, -7.280000, -1.999999, -7.120000
-1.999999, -7.040000, -1.999999, -6.720000
-1.999999, -6.560000, -1.999999, -5.760000
-1.999999, -5.120000, -1.999999, -4.960000
-1.919999, -12.720000, -1.919999, -12.560000
-1.919999, -11.520000, -1.919999, -11.360000
-1.919999, -9.600000, -1.919999, -9.120000
-1.919999, -8.960000, -1.919999, -8.480000
-1.919999, -8.320000, -1.919999, -8.160000
-1.919999, -5.680000, -1.919999, -5.120000
-1.919999, -4.960000, -1.919999, -4.800000
-1.839999, -12.320000, -1.839999, -11.840000
-1.839999, -11.760000, -1.839999, -11.520000
-1.839999, -9.920000, -1.839999, -9.760000
-1.839999, -5.760000, -1.839999, -4.960000
-1.759999, -12.800000, -1.759999, -12.320000
-1.759999, -11.760000, -1.759999, -11.520000
-1.759999, -11.440000, -1.759999, -10.560000
-1.759999, -9.680000, -1.759999, -9.040000
-1.679999, -12.640000, -1.679999, -12.400000
-1.679999, -12.160000, -1.679999, -12.000000
-1.679999, -11.920000, -1.679999, -11.760000
-1.679999, -11.280000, -1.679999, -10.960000
-1.679999, -10.160000, -1.679999, -10.000000
-1.679999,  4.000000, -1.679999,  4.240000
-1.599999, -12.800000, -1.599999, -12.640000
-1.599999, -12.400000, -1.599999, -12.160000
-1.599999, -11.440000, -1.599999, -11.280000
-1.599999, -10.960000, -1.599999, -10.720000
-1.599999, -10.560000, -1.599999, -10.160000
-1.599999, -9.120000, -1.599999, -8.800000
-1.599999,  3.200000, -1.599999,  4.000000
-1.519999, -10.320000, -1.519999, -10.160000
-1.519999, -10.000000, -1.519999, -9.760000
-1.519999, -9.120000, -1.519999, -8.800000
-1.519999, -8.080000, -1.519999, -7.920000
-1.519999,  3.040000, -1.519999,  3.200000
-1.519999,  3.440000, -1.519999,  3.920000
-1.439999, -10.640000, -1.439999, -10.320000
-1.439999, -8.480000, -1.439999, -8.160000
-1.439999,  2.960000, -1.439999,  3.440000
-1.359999, -10.320000, -1.359999, -10.000000
-1.359999, -1.600000, -1.359999, -1.280000
-1.359999,  1.120000, -1.359999,  1.280000
-1.359999,  2.320000, -1.359999,  2.480000
-1.279999, -12.960000, -1.279999, -12.800000
-1.279999, -11.200000, -1.279999, -11.040000
-1.279999, -10.880000, -1.279999, -10.640000
-1.279999, -10.480000, -1.279999, -10.320000
-1.279999, -1.760000, -1.279999, -1.600000
-1.279999,  1.120000, -1.279999,  1.360000
-1.279999,  4.080000, -1.279999,  4.240000
-1.199999, -14.560000, -1.199999, -14.240000
-1.199999, -14.160000, -1.199999, -12.960000
-1.199999, -12.160000, -1.199999, -12.000000
-1.199999, -10.880000, -1.199999, -10.560000
-1.199999, -10.240000, -1.199999, -10.080000
-1.199999, -8.480000, -1.199999, -8.000000
-1.199999, -1.600000, -1.199999, -1.360000
-1.199999,  0.720000, -1.199999,  1.040000
-1.199999,  2.320000, -1.199999,  2.480000
-1.119999, -15.680000, -1.119999, -15.520000
-1.119999, -15.280000, -1.119999, -14.560000
-1.119999, -13.680000, -1.119999, -12.800000
-1.119999, -10.640000, -1.119999, -10.480000
-1.119999, -10.320000, -1.119999, -10.080000
-1.119999, -7.120000, -1.119999, -6.720000
-1.119999, -3.120000, -1.119999, -2.960000
-1.119999, -1.360000, -1.119999, -1.200000
-1.119999,  0.720000, -1.119999,  0.960000
-1.119999,  1.040000, -1.119999,  1.440000
-1.039999, -16.240000, -1.039999, -15.680000
-1.039999, -14.960000, -1.039999, -13.680000
-1.039999, -8.640000, -1.039999, -8.160000
-1.039999, -7.120000, -1.039999, -6.960000
-1.039999, -4.240000, -1.039999, -4.080000
-1.039999,  0.960000, -1.039999,  1.120000
-0.959999, -17.600000, -0.959999, -16.560000
-0.959999, -16.000000, -0.959999, -14.960000
-0.959999, -8.480000, -0.959999, -8.320000
-0.959999, -3.280000, -0.959999, -2.960000
-0.959999,  1.120000, -0.959999,  1.280000
-0.879999, -18.320000, -0.879999, -17.840000
-0.879999, -17.760000, -0.879999, -17.600000
-0.879999, -17.120000, -0.879999, -16.000000
-0.879999, -8.320000, -0.879999, -8.160000
-0.879999, -6.560000, -0.879999, -6.400000
-0.879999, -4.240000, -0.879999, -4.080000
-0.879999, -4.000000, -0.879999, -3.840000
-0.879999, -3.280000, -0.879999, -3.120000
-0.879999, -1.840000, -0.879999, -1.680000
-0.879999,  4.000000, -0.879999,  4.160000
-0.799999, -19.440000, -0.799999, -19.120000
-0.799999, -19.040000, -0.799999, -18.880000
-0.799999, -18.800000, -0.799999, -18.640000
-0.799999, -18.240000, -0.799999, -18.000000
-0.799999, -17.920000, -0.799999, -17.120000
-0.799999, -4.000000, -0.799999, -3.840000
-0.799999,  4.000000, -0.799999,  4.160000
-0.719999, -21.600000, -0.719999, -20.000000
-0.719999, -19.920000, -0.719999, -19.760000
-0.719999, -19.680000, -0.719999, -19.520000
-0.719999, -19.440000, -0.719999, -18.240000
-0.719999, -11.760000, -0.719999, -11.600000
-0.719999, -6.800000, -0.719999, -6.560000
-0.639999, -23.280000, -0.639999, -23.040000
-0.639999, -22.880000, -0.639999, -21.600000
-0.639999, -21.040000, -0.639999, -19.440000
-0.639999, -6.800000, -0.639999, -6.640000
-0.639999,  2.560000, -0.639999,  2.720000
-0.639999,  4.160000, -0.639999,  4.400000
-0.559999, -24.400000, -0.559999, -24.240000
-0.559999, -23.840000, -0.559999, -23.280000
-0.559999, -23.040000, -0.559999, -22.880000
-0.559999, -22.560000, -0.559999, -21.040000
-0.559999, -11.760000, -0.559999, -11.520000
-0.559999,  3.520000, -0.559999,  3.680000
-0.559999,  4.880000, -0.559999,  5.040000
-0.479999, -32.719999, -0.479999, -32.479999
-0.479999, -32.399999, -0.479999, -31.039999
-0.479999, -30.959999, -0.479999, -30.719999
-0.479999, -25.040000, -0.479999, -24.800000
-0.479999, -24.560000, -0.479999, -24.400000
-0.479999, -23.600000, -0.479999, -22.560000
-0.479999, -10.400000, -0.479999, -10.240000
-0.479999, -9.840000, -0.479999, -9.680000
-0.479999, -4.560000, -0.479999, -4.400000
-0.479999,  3.440000, -0.479999,  3.600000
-0.479999,  4.000000, -0.479999,  4.160000
-0.399999, -33.599999, -0.399999, -33.199999
-0.399999, -33.039999, -0.399999, -32.879999
-0.399999, -31.679999, -0.399999, -31.519999
-0.399999, -25.840000, -0.399999, -25.360000
-0.399999, -25.280000, -0.399999, -25.040000
-0.399999, -24.480000, -0.399999, -23.600000
-0.399999, -11.360000, -0.399999, -10.960000
-0.399999, -10.320000, -0.399999, -10.160000
-0.399999, -4.400000, -0.399999, -4.240000
-0.399999,  3.520000, -0.399999,  4.000000
-0.399999,  4.720000, -0.399999,  4.960000
-0.399999,  5.040000, -0.399999,  5.200000
-0.399999,  5.280000, -0.399999,  5.440000
-0.399999,  5.600000, -0.399999,  6.000000
-0.319999, -33.919999, -0.319999, -33.599999
-0.319999, -32.399999, -0.319999, -32.159999
-0.319999, -31.839999, -0.319999, -31.679999
-0.319999, -31.519999, -0.319999, -31.359999
-0.319999, -31.279999, -0.319999, -30.799999
-0.319999, -30.399999, -0.319999, -30.239999
-0.319999, -26.879999, -0.319999, -26.000000
-0.319999, -25.280000, -0.319999, -24.480000
-0.319999, -11.360000, -0.319999, -11.120000
-0.319999, -5.680000, -0.319999, -5.520000
-0.319999, -4.560000, -0.319999, -4.240000
-0.319999, -2.720000, -0.319999, -2.560000
-0.319999,  3.200000, -0.319999,  3.360000
-0.319999,  5.360000, -0.319999,  5.680000
-0.239999, -33.999999, -0.239999, -33.599999
-0.239999, -33.359999, -0.239999, -33.199999
-0.239999, -32.799999, -0.239999, -32.639999
-0.239999, -32.559999, -0.239999, -32.399999
-0.239999, -27.359999, -0.239999, -26.879999
-0.239999, -26.399999, -0.239999, -25.280000
-0.239999, -10.320000, -0.239999, -10.160000
-0.239999, -3.920000, -0.239999, -3.680000
-0.239999, -2.720000, -0.239999, -2.560000
-0.239999,  4.800000, -0.239999,  5.360000
-0.239999,  5.680000, -0.239999,  6.080000
-0.159999, -35.919999, -0.159999, -35.599999
-0.159999, -30.479999, -0.159999, -30.159999
-0.159999, -28.719999, -0.159999, -27.679999
-0.159999, -27.359999, -0.159999, -26.399999
-0.159999, -10.560000, -0.159999, -10.400000
-0.159999, -3.920000, -0.159999, -3.440000
-0.159999,  3.680000, -0.159999,  4.080000
-0.159999,  4.400000, -0.159999,  4.720000
-0.079999, -35.919999, -0.079999, -35.759999
-0.079999, -32.879999, -0.079999, -32.719999
-0.079999, -30.879999, -0.079999, -30.719999
-0.079999, -29.679999, -0.079999, -28.879999
-0.079999, -28.479999, -0.079999, -27.359999
-0.079999, -10.480000, -0.079999, -10.320000
-0.079999, -3.680000, -0.079999, -3.440000
-0.079999,  2.880000, -0.079999,  3.680000
 0.000001, -36.079999,  0.000001, -35.919999
 0.000001, -35.839999,  0.000001, -35.679999
 0.000001, -30.879999,  0.000001, -30.719999
 0.000001, -29.919999,  0.000001, -29.679999
 0.000001, -29.359999,  0.000001, -28.479999
 0.000001, -11.760000,  0.000001, -11.600000
 0.000001, -2.640000,  0.000001, -2.400000
 0.000001,  2.560000,  0.000001,  2.960000
 0.080001, -29.919999,  0.080001, -29.359999
 0.080001,  4.480000,  0.080001,  4.640000
 0.160001, -32.959999,  0.160001, -32.719999
 0.160001, -31.599999,  0.160001, -31.439999
 0.160001, -30.559999,  0.160001, -30.399999
 0.160001, -10.720000,  0.160001, -10.560000
 0.240001, -6.880000,  0.240001, -6.720000
 0.240001, -6.480000,  0.240001, -6.240000
 0.320001, -34.959999,  0.320001, -34.639999
 0.400001, -11.680000,  0.400001, -11.520000
 0.400001, -6.720000,  0.400001, -6.560000
 0.400001,  4.160000,  0.400001,  4.480000
 0.400001,  4.560000,  0.400001,  4.800000
 0.400001,  5.120000,  0.400001,  5.280000
 0.480001, -34.079999,  0.480001, -33.919999
 0.480001, -31.679999,  0.480001, -31.519999
 0.480001, -6.720000,  0.480001, -6.560000
 0.480001, -3.120000,  0.480001, -2.960000
 0.480001,  3.680000,  0.480001,  3.840000
 0.480001,  4.720000,  0.480001,  4.960000
 0.480001,  5.120000,  0.480001,  5.280000
 0.560001, -34.479999,  0.560001, -34.319999
 0.560001, -13.360000,  0.560001, -12.720000
 0.560001, -3.920000,  0.560001, -3.760000
 0.560001, -3.120000,  0.560001, -2.960000
 0.560001,  4.160000,  0.560001,  4.320000
 0.560001,  4.800000,  0.560001,  4.960000
 0.640001, -34.079999,  0.640001, -33.919999
 0.640001, -14.960000,  0.640001, -13.520000
 0.640001, -12.960000,  0.640001, -12.800000
 0.640001, -6.800000,  0.640001, -6.560000
 0.640001,  3.680000,  0.640001,  3.840000
 0.720001, -15.920000,  0.720001, -15.200000
 0.720001, -15.120000,  0.720001, -14.960000
 0.720001, -14.240000,  0.720001, -12.960000
 0.720001,  3.760000,  0.720001,  3.920000
 0.800001, -30.799999,  0.800001, -30.559999
 0.800001, -16.720000,  0.800001, -15.920000
 0.800001, -15.520000,  0.800001, -14.240000
 0.800001, -6.480000,  0.800001, -6.320000
 0.800001, -2.400000,  0.800001, -2.240000
 0.800001,  3.760000,  0.800001,  3.920000
 0.880001, -32.639999,  0.880001, -32.479999
 0.880001, -17.760000,  0.880001, -16.720000
 0.880001, -16.320000,  0.880001, -15.520000
 0.880001,  3.200000,  0.880001,  3.360000
 0.960001, -19.120000,  0.960001, -18.240000
 0.960001, -18.160000,  0.960001, -17.760000
 0.960001, -17.360000,  0.960001, -16.320000
 0.960001, -3.520000,  0.960001, -3.200000
 1.040001, -20.240000,  1.040001, -19.120000
 1.040001, -18.480000,  1.040001, -17.360000
 1.040001,  7.360000,  1.040001,  7.520000
 1.120001, -30.959999,  1.120001, -30.719999
 1.120001, -30.639999,  1.120001, -30.239999
 1.120001, -21.600000,  1.120001, -20.480000
 1.120001, -20.400000,  1.120001, -20.240000
 1.120001, -19.600000,  1.120001, -18.480000
 1.120001, -3.680000,  1.120001, -3.520000
 1.120001, -3.440000,  1.120001, -3.280000
 1.120001,  7.360000,  1.120001,  7.600000
 1.200001, -22.960000,  1.200001, -21.600000
 1.200001, -20.800000,  1.200001, -19.600000
 1.280001, -24.000000,  1.280001, -22.960000
 1.280001, -22.160000,  1.280001, -20.800000
 1.360001, -25.440000,  1.360001, -24.000000
 1.360001, -23.280000,  1.360001, -22.160000
 1.360001,  1.600000,  1.360001,  1.760000
 1.360001,  7.680000,  1.360001,  7.840000
 1.440001, -26.719999,  1.440001, -25.760000
 1.440001, -24.400000,  1.440001, -23.280000
 1.440001, -3.040000,  1.440001, -2.640000
 1.440001,  3.840000,  1.440001,  4.000000
 1.440001,  4.480000,  1.440001,  4.640000
 1.440001,  7.760000,  1.440001,  7.920000
 1.520001, -39.759999,  1.520001, -39.599999
 1.520001, -32.879999,  1.520001, -32.639999
 1.520001, -32.239999,  1.520001, -32.079999
 1.520001, -27.839999,  1.520001, -26.719999
 1.520001, -25.520000,  1.520001, -24.400000
 1.520001, -3.440000,  1.520001, -3.280000
 1.520001, -2.800000,  1.520001, -2.640000
 1.600001, -32.799999,  1.600001, -32.399999
 1.600001, -28.559999,  1.600001, -27.839999
 1.600001, -26.559999,  1.600001, -25.520000
 1.600001, -3.680000,  1.600001, -3.440000
 1.600001, -3.200000,  1.600001, -2.800000
 1.600001,  8.000000,  1.600001,  8.240000
 1.680001, -39.839999,  1.680001, -39.679999
 1.680001, -29.919999,  1.680001, -28.959999
 1.680001, -28.879999,  1.680001, -28.559999
 1.680001, -27.599999,  1.680001, -26.719999
 1.680001, -3.760000,  1.680001, -3.200000
 1.760001, -29.839999,  1.760001, -29.679999
 1.760001, -29.279999,  1.760001, -28.959999
 1.760001, -28.879999,  1.760001, -27.999999
 1.760001, -27.919999,  1.760001, -27.759999
 1.760001,  3.920000,  1.760001,  4.080000
 1.760001,  8.160000,  1.760001,  8.400000
 1.840001, -29.519999,  1.840001, -29.279999
 1.920001, -9.920000,  1.920001, -9.680000
 1.920001, -8.960000,  1.920001, -8.400000
 2.000001, -32.639999,  2.000001, -32.479999
 2.000001, -28.879999,  2.000001, -28.719999
 2.000001, -10.080000,  2.000001, -9.920000
 2.000001, -8.640000,  2.000001, -8.480000
 2.000001,  4.000000,  2.000001,  4.160000
 2.000001,  4.400000,  2.000001,  4.640000
 2.080001, -32.319999,  2.080001, -32.159999
 2.080001, -30.239999,  2.080001, -29.999999
 2.080001, -10.480000,  2.080001, -10.080000
 2.080001,  3.920000,  2.080001,  4.080000
 2.080001,  4.160000,  2.080001,  4.320000
 2.080001,  4.640000,  2.080001,  4.880000
 2.160001, -28.159999,  2.160001, -27.999999
 2.160001, -10.400000,  2.160001, -10.160000
 2.160001, -9.600000,  2.160001, -9.120000
 2.240001, -29.839999,  2.240001, -29.519999
 2.240001, -29.359999,  2.240001, -29.199999
 2.240001, -28.559999,  2.240001, -28.159999
 2.240001, -9.920000,  2.240001, -9.680000
 2.240001, -9.520000,  2.240001, -9.200000
 2.320001, -30.159999,  2.320001, -29.839999
 2.320001, -28.719999,  2.320001, -28.559999
 2.320001, -28.159999,  2.320001, -27.999999
 2.320001, -9.680000,  2.320001, -9.520000
 2.320001,  0.800000,  2.320001,  0.960000
 2.400001, -28.559999,  2.400001, -28.159999
 2.400001, -9.920000,  2.400001, -9.520000
 2.400001,  3.840000,  2.400001,  4.000000
 2.400001,  4.640000,  2.400001,  4.800000
 2.480001, -29.039999,  2.480001, -28.559999
 2.480001, -8.800000,  2.480001, -8.640000
 2.480001,  4.000000,  2.480001,  4.160000
 2.480001,  4.560000,  2.480001,  4.800000
 2.560001, -10.080000,  2.560001, -9.840000
 2.560001, -9.440000,  2.560001, -9.200000
 2.560001, -8.800000,  2.560001, -8.640000
 2.640001, -29.199999,  2.640001, -29.039999
 2.640001, -14.400000,  2.640001, -14.240000
 2.720001, -32.719999,  2.720001, -32.559999
 2.720001, -14.640000,  2.720001, -14.400000
 2.720001, -9.120000,  2.720001, -8.960000
 2.720001,  2.800000,  2.720001,  3.040000
 2.800001, -14.800000,  2.800001, -14.640000
 2.800001, -14.560000,  2.800001, -14.320000
 2.800001, -10.160000,  2.800001, -10.000000
 2.800001, -9.520000,  2.800001, -9.280000
 2.880001, -32.799999,  2.880001, -32.639999
 2.880001, -15.040000,  2.880001, -14.800000
 2.880001, -14.720000,  2.880001, -14.560000
 2.880001, -12.000000,  2.880001, -11.840000
 2.880001, -9.360000,  2.880001, -9.200000
 2.880001,  2.800000,  2.880001,  2.960000
 2.880001,  3.920000,  2.880001,  4.160000
 2.880001,  4.240000,  2.880001,  4.400000
 2.960001, -15.200000,  2.960001, -15.040000
 2.960001, -14.960000,  2.960001, -14.720000
 2.960001,  2.800000,  2.960001,  2.960000
 2.960001,  4.160000,  2.960001,  4.400000
 3.040001, -44.399999,  3.040001, -44.239999
 3.040001, -15.440000,  3.040001, -15.200000
 3.040001, -15.120000,  3.040001, -14.960000
 3.040001, -14.720000,  3.040001, -14.560000
 3.040001, -10.000000,  3.040001, -9.840000
 3.040001,  4.320000,  3.040001,  4.480000
 3.120001, -31.359999,  3.120001, -31.199999
 3.120001, -30.959999,  3.120001, -30.799999
 3.120001, -15.280000,  3.120001, -15.120000
 3.120001, -14.880000,  3.120001, -14.720000
 3.120001, -9.360000,  3.120001, -9.200000
 3.200001, -15.440000,  3.200001, -15.280000
 3.200001, -9.440000,  3.200001, -9.200000
 3.200001,  4.080000,  3.200001,  4.240000
 3.280001, -31.359999,  3.280001, -31.119999
 3.280001, -14.960000,  3.280001, -14.720000
 3.280001, -14.400000,  3.280001, -14.240000
 3.280001, -14.000000,  3.280001, -13.840000
 3.280001, -10.000000,  3.280001, -9.840000
 3.360001, -15.440000,  3.360001, -15.280000
 3.360001,  2.880000,  3.360001,  3.040000
 3.440001, -25.040000,  3.440001, -24.880000
 3.440001, -15.200000,  3.440001, -14.640000
 3.440001, -14.080000,  3.440001, -13.920000
 3.520001, -31.439999,  3.520001, -31.279999
 3.520001, -25.280000,  3.520001, -25.040000
 3.520001, -15.200000,  3.520001, -15.040000
 3.520001, -14.320000,  3.520001, -14.160000
 3.520001, -10.160000,  3.520001, -9.600000
 3.520001,  3.840000,  3.520001,  4.080000
 3.520001,  4.640000,  3.520001,  5.040000
 3.600001, -31.439999,  3.600001, -31.279999
 3.600001, -25.280000,  3.600001, -24.800000
 3.600001, -15.200000,  3.600001, -14.960000
 3.600001, -14.880000,  3.600001, -14.720000
 3.600001, -10.480000,  3.600001, -10.320000
 3.600001,  3.440000,  3.600001,  3.600000
 3.600001,  4.480000,  3.600001,  4.720000
 3.600001,  4.880000,  3.600001,  5.040000
 3.680001, -31.279999,  3.680001, -30.879999
 3.680001, -18.560000,  3.680001, -18.400000
 3.680001, -15.120000,  3.680001, -14.960000
 3.680001, -14.320000,  3.680001, -14.160000
 3.680001, -10.640000,  3.680001, -10.480000
 3.680001, -10.160000,  3.680001, -10.000000
 3.680001, -9.920000,  3.680001, -9.680000
 3.680001,  4.320000,  3.680001,  4.480000
 3.760001, -20.000000,  3.760001, -19.760000
 3.760001, -18.720000,  3.760001, -18.560000
 3.760001, -18.400000,  3.760001, -18.160000
 3.760001, -13.840000,  3.760001, -13.680000
 3.760001, -10.320000,  3.760001, -10.160000
 3.760001, -7.760000,  3.760001, -7.520000
 3.760001, -6.320000,  3.760001, -5.840000
 3.840001, -21.520000,  3.840001, -21.360000
 3.840001, -21.200000,  3.840001, -21.040000
 3.840001, -19.120000,  3.840001, -18.880000
 3.840001, -18.640000,  3.840001, -18.480000
 3.840001, -18.240000,  3.840001, -18.000000
 3.840001, -15.120000,  3.840001, -14.880000
 3.840001, -13.680000,  3.840001, -13.520000
 3.840001, -10.560000,  3.840001, -10.320000
 3.840001, -9.040000,  3.840001, -7.760000
 3.840001, -7.520000,  3.840001, -6.320000
 3.840001, -5.840000,  3.840001, -5.600000
 3.840001,  4.960000,  3.840001,  5.120000
 3.920001, -26.959999,  3.920001, -26.639999
 3.920001, -24.720000,  3.920001, -24.240000
 3.920001, -21.360000,  3.920001, -21.120000
 3.920001, -19.120000,  3.920001, -18.640000
 3.920001, -14.240000,  3.920001, -14.080000
 3.920001, -13.840000,  3.920001, -13.520000
 3.920001, -8.800000,  3.920001, -8.320000
 3.920001, -8.160000,  3.920001, -7.680000
 3.920001, -6.960000,  3.920001, -6.400000
 3.920001, -6.240000,  3.920001, -6.080000
 3.920001, -6.000000,  3.920001, -5.840000
 3.920001,  4.240000,  3.920001,  4.480000
 3.920001,  4.800000,  3.920001,  4.960000
 4.000001, -27.839999,  4.000001, -26.959999
 4.000001, -26.879999,  4.000001, -26.639999
 4.000001, -19.920000,  4.000001, -19.760000
 4.000001, -18.880000,  4.000001, -18.720000
 4.000001, -18.480000,  4.000001, -18.240000
 4.000001, -8.960000,  4.000001, -8.800000
 4.000001, -8.320000,  4.000001, -8.160000
 4.000001, -7.760000,  4.000001, -7.520000
 4.000001, -7.440000,  4.000001, -6.960000
 4.000001,  3.120000,  4.000001,  3.520000
 4.000001,  4.080000,  4.000001,  4.480000
 4.000001,  4.800000,  4.000001,  4.960000
 4.000001,  5.040000,  4.000001,  5.200000
 4.080001, -31.119999,  4.080001, -30.879999
 4.080001, -27.679999,  4.080001, -26.879999
 4.080001, -24.960000,  4.080001, -24.800000
 4.080001, -23.920000,  4.080001, -23.760000
 4.080001, -21.360000,  4.080001, -21.120000
 4.080001, -19.360000,  4.080001, -19.200000
 4.080001, -18.240000,  4.080001, -18.080000
 4.080001, -15.040000,  4.080001, -14.880000
 4.080001, -8.000000,  4.080001, -7.840000
 4.080001, -6.400000,  4.080001, -6.160000
 4.080001, -4.880000,  4.080001, -4.640000
 4.080001,  3.680000,  4.080001,  3.840000
 4.160001, -31.279999,  4.160001, -31.119999
 4.160001, -26.320000,  4.160001, -26.080000
 4.160001, -24.720000,  4.160001, -24.560000
 4.160001, -22.960000,  4.160001, -22.640000
 4.160001, -21.120000,  4.160001, -20.960000
 4.160001, -19.360000,  4.160001, -19.200000
 4.160001, -15.520000,  4.160001, -15.360000
 4.160001, -8.000000,  4.160001, -7.840000
 4.160001, -7.520000,  4.160001, -7.360000
 4.160001, -4.880000,  4.160001, -4.560000
 4.160001,  3.120000,  4.160001,  3.360000
 4.240001, -26.719999,  4.240001, -26.399999
 4.240001, -23.920000,  4.240001, -23.760000
 4.240001, -23.120000,  4.240001, -22.960000
 4.240001, -22.880000,  4.240001, -22.640000
 4.240001, -21.600000,  4.240001, -21.440000
 4.240001, -18.400000,  4.240001, -18.240000
 4.240001, -14.000000,  4.240001, -13.840000
 4.240001, -9.120000,  4.240001, -8.960000
 4.240001,  2.960000,  4.240001,  3.120000
 4.320001, -27.599999,  4.320001, -27.199999
 4.320001, -24.320000,  4.320001, -24.080000
 4.320001, -23.760000,  4.320001, -23.600000
 4.320001, -22.960000,  4.320001, -22.800000
 4.320001, -22.080000,  4.320001, -21.840000
 4.320001, -21.600000,  4.320001, -21.440000
 4.320001, -9.840000,  4.320001, -9.360000
 4.320001, -9.120000,  4.320001, -8.960000
 4.320001, -5.920000,  4.320001, -5.600000
 4.400001, -27.439999,  4.400001, -27.279999
 4.400001, -26.719999,  4.400001, -26.479999
 4.400001, -24.160000,  4.400001, -24.000000
 4.400001, -23.120000,  4.400001, -22.880000
 4.400001, -22.000000,  4.400001, -21.840000
 4.400001, -21.360000,  4.400001, -21.200000
 4.400001, -18.880000,  4.400001, -18.160000
 4.400001, -9.920000,  4.400001, -9.760000
 4.400001, -9.520000,  4.400001, -9.360000
 4.400001, -9.120000,  4.400001, -8.960000
 4.400001, -5.680000,  4.400001, -5.520000
 4.400001, -4.720000,  4.400001, -4.560000
 4.480001, -27.439999,  4.480001, -27.279999
 4.480001, -26.240000,  4.480001, -26.080000
 4.480001, -23.680000,  4.480001, -23.520000
 4.480001, -22.960000,  4.480001, -22.800000
 4.480001, -21.680000,  4.480001, -21.520000
 4.480001, -19.120000,  4.480001, -18.960000
 4.480001, -14.240000,  4.480001, -14.000000
 4.480001, -9.920000,  4.480001, -9.680000
 4.480001, -6.080000,  4.480001, -5.920000
 4.480001, -5.840000,  4.480001, -5.680000
 4.480001, -5.360000,  4.480001, -5.200000
 4.480001, -4.720000,  4.480001, -4.560000
 4.560001, -32.319999,  4.560001, -32.159999
 4.560001, -31.439999,  4.560001, -31.279999
 4.560001, -27.599999,  4.560001, -27.439999
 4.560001, -26.559999,  4.560001, -26.320000
 4.560001, -21.760000,  4.560001, -21.600000
 4.560001, -21.360000,  4.560001, -21.200000
 4.560001, -18.400000,  4.560001, -18.240000
 4.560001, -14.160000,  4.560001, -14.000000
 4.560001, -10.080000,  4.560001, -9.920000
 4.560001, -9.680000,  4.560001, -9.440000
 4.560001, -7.600000,  4.560001, -7.360000
 4.560001, -5.360000,  4.560001, -5.200000
 4.640001, -31.119999,  4.640001, -30.959999
 4.640001, -29.839999,  4.640001, -29.679999
 4.640001, -25.120000,  4.640001, -24.960000
 4.640001, -24.320000,  4.640001, -24.160000
 4.640001, -24.080000,  4.640001, -23.680000
 4.640001, -22.080000,  4.640001, -21.920000
 4.640001, -21.120000,  4.640001, -20.960000
 4.640001, -18.480000,  4.640001, -18.320000
 4.640001, -14.880000,  4.640001, -14.720000
 4.640001, -7.600000,  4.640001, -7.360000
 4.720001, -31.519999,  4.720001, -31.119999
 4.720001, -25.360000,  4.720001, -24.960000
 4.720001, -24.720000,  4.720001, -24.320000
 4.720001, -24.000000,  4.720001, -23.680000
 4.720001, -22.800000,  4.720001, -22.640000
 4.720001, -22.240000,  4.720001, -21.920000
 4.720001, -18.480000,  4.720001, -18.320000
 4.720001, -12.400000,  4.720001, -11.840000
 4.720001, -10.560000,  4.720001, -10.240000
 4.800001, -26.719999,  4.800001, -26.559999
 4.800001, -24.320000,  4.800001, -24.160000
 4.800001, -19.200000,  4.800001, -19.040000
 4.800001, -18.560000,  4.800001, -18.400000
 4.800001, -14.000000,  4.800001, -13.760000
 4.800001, -13.440000,  4.800001, -12.400000
 4.800001, -12.080000,  4.800001, -11.760000
 4.800001, -10.400000,  4.800001, -10.240000
 4.800001, -5.040000,  4.800001, -4.800000
 4.880001, -26.479999,  4.880001, -26.240000
 4.880001, -26.160000,  4.880001, -26.000000
 4.880001, -24.720000,  4.880001, -24.480000
 4.880001, -24.400000,  4.880001, -24.240000
 4.880001, -22.880000,  4.880001, -22.720000
 4.880001, -19.200000,  4.880001, -19.040000
 4.880001, -18.640000,  4.880001, -18.400000
 4.880001, -18.320000,  4.880001, -18.160000
 4.880001, -15.040000,  4.880001, -14.880000
 4.880001, -14.320000,  4.880001, -14.000000
 4.880001, -13.920000,  4.880001, -13.440000
 4.880001, -12.880000,  4.880001, -12.240000
 4.880001, -10.560000,  4.880001, -10.400000
 4.880001, -5.040000,  4.880001, -4.880000
 4.960001, -26.639999,  4.960001, -26.479999
 4.960001, -26.080000,  4.960001, -25.920000
 4.960001, -25.280000,  4.960001, -25.120000
 4.960001, -24.800000,  4.960001, -24.640000
 4.960001, -24.320000,  4.960001, -24.080000
 4.960001, -22.720000,  4.960001, -22.560000
 4.960001, -21.600000,  4.960001, -21.120000
 4.960001, -19.200000,  4.960001, -19.040000
 4.960001, -15.440000,  4.960001, -15.280000
 4.960001, -13.920000,  4.960001, -12.880000
 4.960001,  3.760000,  4.960001,  4.080000
 5.040001, -27.439999,  5.040001, -27.279999
 5.040001, -26.399999,  5.040001, -26.240000
 5.040001, -24.720000,  5.040001, -24.080000
 5.040001, -22.640000,  5.040001, -22.480000
 5.040001, -21.680000,  5.040001, -21.360000
 5.040001, -21.120000,  5.040001, -20.960000
 5.040001, -18.720000,  5.040001, -18.560000
 5.040001, -16.560000,  5.040001, -15.600000
 5.040001, -14.960000,  5.040001, -13.920000
 5.120001, -24.640000,  5.120001, -24.320000
 5.120001, -22.800000,  5.120001, -22.640000
 5.120001, -22.480000,  5.120001, -22.320000
 5.120001, -21.600000,  5.120001, -21.440000
 5.120001, -21.360000,  5.120001, -21.120000
 5.120001, -18.560000,  5.120001, -18.400000
 5.120001, -18.240000,  5.120001, -18.080000
 5.120001, -18.000000,  5.120001, -16.560000
 5.120001, -16.000000,  5.120001, -14.960000
 5.120001, -10.560000,  5.120001, -10.400000
 5.120001,  3.440000,  5.120001,  3.600000
 5.120001,  3.920000,  5.120001,  4.080000
 5.200001, -26.080000,  5.200001, -25.920000
 5.200001, -24.800000,  5.200001, -24.640000
 5.200001, -22.720000,  5.200001, -22.320000
 5.200001, -21.680000,  5.200001, -21.360000
 5.200001, -20.480000,  5.200001, -20.320000
 5.200001, -19.040000,  5.200001, -18.560000
 5.200001, -18.400000,  5.200001, -18.240000
 5.200001, -17.280000,  5.200001, -16.000000
 5.200001,  3.200000,  5.200001,  3.360000
 5.200001,  3.440000,  5.200001,  3.600000
 5.280001, -26.639999,  5.280001, -26.479999
 5.280001, -24.720000,  5.280001, -24.560000
 5.280001, -24.400000,  5.280001, -24.240000
 5.280001, -21.680000,  5.280001, -21.520000
 5.280001, -21.440000,  5.280001, -21.280000
 5.280001, -20.640000,  5.280001, -20.480000
 5.280001, -20.320000,  5.280001, -19.040000
 5.280001, -18.320000,  5.280001, -18.000000
 5.280001, -17.920000,  5.280001, -17.760000
 5.280001, -17.280000,  5.280001, -17.120000
 5.280001,  3.200000,  5.280001,  3.360000
 5.360001, -33.599999,  5.360001, -33.439999
 5.360001, -31.279999,  5.360001, -31.119999
 5.360001, -31.039999,  5.360001, -30.799999
 5.360001, -24.720000,  5.360001, -24.480000
 5.360001, -21.760000,  5.360001, -21.440000
 5.360001, -21.280000,  5.360001, -21.120000
 5.360001, -20.960000,  5.360001, -20.640000
 5.360001, -18.880000,  5.360001, -18.560000
 5.360001, -18.480000,  5.360001, -18.320000
 5.360001, -17.120000,  5.360001, -16.960000
 5.360001, -10.640000,  5.360001, -10.480000
 5.440001, -33.599999,  5.440001, -33.359999
 5.440001, -26.240000,  5.440001, -26.000000
 5.440001, -23.200000,  5.440001, -22.960000
 5.440001, -22.880000,  5.440001, -22.240000
 5.440001, -22.160000,  5.440001, -22.000000
 5.440001, -21.920000,  5.440001, -21.760000
 5.440001, -20.880000,  5.440001, -19.760000
 5.440001, -19.600000,  5.440001, -19.360000
 5.440001, -18.880000,  5.440001, -18.560000
 5.520001, -33.439999,  5.520001, -33.279999
 5.520001, -26.479999,  5.520001, -26.320000
 5.520001, -26.160000,  5.520001, -25.920000
 5.520001, -25.600000,  5.520001, -25.440000
 5.520001, -24.880000,  5.520001, -24.480000
 5.520001, -24.400000,  5.520001, -23.440000
 5.520001, -22.160000,  5.520001, -21.040000
 5.520001, -17.760000,  5.520001, -17.360000
 5.600001, -33.439999,  5.600001, -33.279999
 5.600001, -26.160000,  5.600001, -25.600000
 5.600001, -25.440000,  5.600001, -25.200000
 5.600001, -24.000000,  5.600001, -23.760000
 5.600001, -23.600000,  5.600001, -23.200000
 5.600001, -22.960000,  5.600001, -22.800000
 5.600001, -22.720000,  5.600001, -22.400000
 5.600001, -22.320000,  5.600001, -22.160000
 5.600001, -19.040000,  5.600001, -18.480000
 5.600001, -17.360000,  5.600001, -17.120000
 5.680001, -31.119999,  5.680001, -30.959999
 5.680001, -28.079999,  5.680001, -27.919999
 5.680001, -27.839999,  5.680001, -27.679999
 5.680001, -27.039999,  5.680001, -26.719999
 5.680001, -25.280000,  5.680001, -24.000000
 5.680001, -5.360000,  5.680001, -5.120000
 5.680001,  4.480000,  5.680001,  4.800000
 5.760001, -28.079999,  5.760001, -27.919999
 5.760001, -27.839999,  5.760001, -27.679999
 5.760001, -27.599999,  5.760001, -27.359999
 5.760001, -26.559999,  5.760001, -25.280000
 5.760001, -23.840000,  5.760001, -23.360000
 5.760001, -23.280000,  5.760001, -22.800000
 5.760001, -22.560000,  5.760001, -22.160000
 5.760001, -5.680000,  5.760001, -5.360000
 5.840001, -44.239999,  5.840001, -44.079999
 5.840001, -26.719999,  5.840001, -26.559999
 5.840001, -23.120000,  5.840001, -22.320000
 5.840001, -5.600000,  5.840001, -5.200000
 5.920001, -32.399999,  5.920001, -32.239999
 5.920001, -23.360000,  5.920001, -23.120000
 5.920001, -5.760000,  5.920001, -5.600000
 5.920001,  3.520000,  5.920001,  3.680000
 6.000001, -32.399999,  6.000001, -32.239999
 6.000001, -23.680000,  6.000001, -23.440000
 6.000001,  4.240000,  6.000001,  4.400000
 6.080001, -27.279999,  6.080001, -26.719999
 6.080001, -18.480000,  6.080001, -18.320000
 6.080001, -17.200000,  6.080001, -17.040000
 6.080001,  3.520000,  6.080001,  3.680000
 6.080001,  4.560000,  6.080001,  4.800000
 6.160001, -22.400000,  6.160001, -22.240000
 6.160001, -8.960000,  6.160001, -8.800000
 6.160001, -5.200000,  6.160001, -5.040000
 6.160001,  3.200000,  6.160001,  3.360000
 6.160001,  4.880000,  6.160001,  5.120000
 6.240001, -14.080000,  6.240001, -13.840000
 6.240001, -8.960000,  6.240001, -8.800000
 6.240001,  3.600000,  6.240001,  3.760000
 6.240001,  4.480000,  6.240001,  4.720000
 6.320001, -33.839999,  6.320001, -33.679999
 6.320001, -14.080000,  6.320001, -13.760000
 6.320001,  3.280000,  6.320001,  3.440000
 6.400001, -33.839999,  6.400001, -33.679999
 6.400001,  3.360000,  6.400001,  3.760000
 6.480001, -33.599999,  6.480001, -33.279999
 6.560001, -14.480000,  6.560001, -14.240000
 6.560001, -14.160000,  6.560001, -13.920000
 6.560001,  2.640000,  6.560001,  2.800000
 6.640001, -15.120000,  6.640001, -14.640000
 6.640001, -4.080000,  6.640001, -3.760000
 6.720001, -14.560000,  6.720001, -14.400000
 6.720001, -14.080000,  6.720001, -13.760000
 6.720001, -4.320000,  6.720001, -4.080000
 6.720001,  4.240000,  6.720001,  4.400000
 6.800001, -14.880000,  6.800001, -14.560000
 6.800001, -12.880000,  6.800001, -12.000000
 6.800001, -10.400000,  6.800001, -10.240000
 6.800001, -4.320000,  6.800001, -4.000000
 6.880001, -13.920000,  6.880001, -12.880000
 6.880001, -12.400000,  6.880001, -11.920000
 6.880001, -4.000000,  6.880001, -3.840000
 6.880001,  4.240000,  6.880001,  4.400000
 6.960001, -14.880000,  6.960001, -13.920000
 6.960001, -13.440000,  6.960001, -12.560000
 7.040001, -33.679999,  7.040001, -33.359999
 7.040001, -14.320000,  7.040001, -13.440000
 7.040001, -12.320000,  7.040001, -11.920000
 7.040001,  4.560000,  7.040001,  4.800000
 7.120001, -43.519999,  7.120001, -43.279999
 7.120001, -33.679999,  7.120001, -33.439999
 7.120001, -14.960000,  7.120001, -14.320000
 7.120001, -13.440000,  7.120001, -12.320000
 7.120001, -5.040000,  7.120001, -4.720000
 7.120001, -3.920000,  7.120001, -3.760000
 7.200001, -14.480000,  7.200001, -14.240000
 7.200001, -14.080000,  7.200001, -13.440000
 7.200001, -12.480000,  7.200001, -11.920000
 7.200001, -5.360000,  7.200001, -5.040000
 7.280001, -14.880000,  7.280001, -14.480000
 7.280001, -14.240000,  7.280001, -14.080000
 7.280001, -13.840000,  7.280001, -13.440000
 7.280001, -12.640000,  7.280001, -12.480000
 7.280001, -10.400000,  7.280001, -10.240000
 7.280001, -5.520000,  7.280001, -5.280000
 7.360001, -14.880000,  7.360001, -14.560000
 7.360001, -14.000000,  7.360001, -13.760000
 7.360001, -5.600000,  7.360001, -5.440000
 7.360001, -5.120000,  7.360001, -4.880000
 7.440001, -28.319999,  7.440001, -28.159999
 7.440001, -13.760000,  7.440001, -13.600000
 7.440001, -5.280000,  7.440001, -5.120000
 7.440001, -4.880000,  7.440001, -4.640000
 7.440001,  4.560000,  7.440001,  4.720000
 7.520001, -14.720000,  7.520001, -14.560000
 7.520001, -14.480000,  7.520001, -14.320000
 7.520001, -14.240000,  7.520001, -14.000000
 7.520001, -13.520000,  7.520001, -13.280000
 7.520001, -5.520000,  7.520001, -5.360000
 7.600001, -28.799999,  7.600001, -28.639999
 7.600001, -14.240000,  7.600001, -14.080000
 7.600001, -13.520000,  7.600001, -13.360000
 7.600001, -12.720000,  7.600001, -12.560000
 7.600001, -12.480000,  7.600001, -12.320000
 7.600001, -10.000000,  7.600001, -9.760000
 7.600001, -5.760000,  7.600001, -5.600000
 7.680001, -28.799999,  7.680001, -28.639999
 7.680001, -28.559999,  7.680001, -28.399999
 7.680001, -25.520000,  7.680001, -25.360000
 7.680001, -14.880000,  7.680001, -14.240000
 7.680001, -12.400000,  7.680001, -12.240000
 7.680001, -10.240000,  7.680001, -10.000000
 7.680001, -9.840000,  7.680001, -9.680000
 7.760001, -14.240000,  7.760001, -14.080000
 7.760001, -13.920000,  7.760001, -13.760000
 7.760001, -13.440000,  7.760001, -13.120000
 7.760001, -10.320000,  7.760001, -9.840000
 7.760001, -5.120000,  7.760001, -4.880000
 7.840001, -41.759999,  7.840001, -41.599999
 7.840001, -14.080000,  7.840001, -13.920000
 7.840001, -12.640000,  7.840001, -12.480000
 7.840001, -5.680000,  7.840001, -5.440000
 7.840001,  4.560000,  7.840001,  4.800000
 7.920001, -28.559999,  7.920001, -28.399999
 7.920001, -28.319999,  7.920001, -28.079999
 7.920001, -5.600000,  7.920001, -5.440000
 7.920001, -5.120000,  7.920001, -4.960000
 7.920001,  4.640000,  7.920001,  4.800000
 8.000001, -41.759999,  8.000001, -41.599999
 8.000001, -25.520000,  8.000001, -25.360000
 8.000001, -21.360000,  8.000001, -21.200000
 8.000001, -10.160000,  8.000001, -9.920000
 8.080001, -41.519999,  8.080001, -41.279999
 8.080001, -10.480000,  8.080001, -10.160000
 8.080001, -9.920000,  8.080001, -9.680000
 8.080001, -4.800000,  8.080001, -4.480000
 8.160001, -41.519999,  8.160001, -41.359999
 8.160001, -10.320000,  8.160001, -9.600000
 8.240001, -28.559999,  8.240001, -28.399999
 8.240001, -25.280000,  8.240001, -25.040000
 8.320001, -28.559999,  8.320001, -28.399999
 8.320001, -28.319999,  8.320001, -28.079999
 8.320001, -4.800000,  8.320001, -4.640000
 8.400001, -32.559999,  8.400001, -32.399999
 8.400001, -25.040000,  8.400001, -24.880000
 8.400001,  3.360000,  8.400001,  3.520000
 8.400001,  4.400000,  8.400001,  4.640000
 8.400001,  4.720000,  8.400001,  4.880000
 8.480001, -4.880000,  8.480001, -4.640000
 8.560001, -21.280000,  8.560001, -21.120000
 8.560001,  4.720000,  8.560001,  4.880000
 8.640001, -21.360000,  8.640001, -21.120000
 8.640001,  3.440000,  8.640001,  3.600000
 8.640001,  3.840000,  8.640001,  4.080000
 8.720001, -32.799999,  8.720001, -32.639999
 8.720001, -21.280000,  8.720001, -21.040000
 8.720001, -14.640000,  8.720001, -14.480000
 8.800001, -41.439999,  8.800001, -41.279999
 8.800001, -10.400000,  8.800001, -10.240000
 8.800001, -9.760000,  8.800001, -9.520000
 8.800001, -4.880000,  8.800001, -4.560000
 8.880001, -41.439999,  8.880001, -41.199999
 8.880001, -10.240000,  8.880001, -9.920000
 8.880001, -9.760000,  8.880001, -9.600000
 8.880001, -4.800000,  8.880001, -4.480000
 8.880001,  10.480000,  8.880001,  10.640000
 8.960001, -41.359999,  8.960001, -41.199999
 8.960001, -25.040000,  8.960001, -24.880000
 8.960001, -14.640000,  8.960001, -14.480000
 8.960001, -10.480000,  8.960001, -9.920000
 9.040001, -25.120000,  9.040001, -24.960000
 9.040001, -19.600000,  9.040001, -19.440000
 9.040001,  3.600000,  9.040001,  3.760000
 9.120001, -28.319999,  9.120001, -28.159999
 9.120001, -25.040000,  9.120001, -24.880000
 9.200001, -31.119999,  9.200001, -30.959999
 9.200001, -10.000000,  9.200001, -9.680000
 9.200001,  0.960000,  9.200001,  1.200000
 9.200001,  1.360000,  9.200001,  1.600000
 9.280001, -31.119999,  9.280001, -30.959999
 9.280001, -19.600000,  9.280001, -19.360000
 9.280001, -18.160000,  9.280001, -16.960000
 9.280001, -10.320000,  9.280001, -10.000000
 9.280001,  1.360000,  9.280001,  1.600000
 9.360001, -29.919999,  9.360001, -29.759999
 9.360001, -24.560000,  9.360001, -24.400000
 9.360001, -19.520000,  9.360001, -18.160000
 9.360001, -17.600000,  9.360001, -16.960000
 9.360001, -10.320000,  9.360001, -9.760000
 9.360001,  0.240000,  9.360001,  0.400000
 9.360001,  0.960000,  9.360001,  1.200000
 9.360001,  2.880000,  9.360001,  3.040000
 9.440001, -31.199999,  9.440001, -31.039999
 9.440001, -18.880000,  9.440001, -17.760000
 9.440001,  0.400000,  9.440001,  0.560000
 9.440001,  3.040000,  9.440001,  3.360000
 9.520001, -29.919999,  9.520001, -29.759999
 9.520001, -19.440000,  9.520001, -19.120000
 9.520001, -19.040000,  9.520001, -18.880000
 9.520001,  0.560000,  9.520001,  0.720000
 9.600001, -24.560000,  9.600001, -24.400000
 9.600001, -18.400000,  9.600001, -18.240000
 9.600001, -0.000000,  9.600001,  0.160000
 9.600001,  0.320000,  9.600001,  0.560000
 9.600001,  2.960000,  9.600001,  3.200000
 9.600001,  3.360000,  9.600001,  3.520000
 9.680001, -29.519999,  9.680001, -29.359999
 9.680001, -20.000000,  9.680001, -19.760000
 9.680001, -18.800000,  9.680001, -18.480000
 9.680001,  0.160000,  9.680001,  0.320000
 9.680001,  3.200000,  9.680001,  3.360000
 9.760001, -18.720000,  9.760001, -18.480000
 9.760001, -18.400000,  9.760001, -18.240000
 9.760001,  0.720000,  9.760001,  0.880000
 9.760001,  1.360000,  9.760001,  1.600000
 9.840001, -23.200000,  9.840001, -22.960000
 9.840001, -22.880000,  9.840001, -22.320000
 9.840001, -22.240000,  9.840001, -22.000000
 9.840001, -21.920000,  9.840001, -21.600000
 9.840001, -13.600000,  9.840001, -13.280000
 9.840001,  0.720000,  9.840001,  0.960000
 9.840001,  4.640000,  9.840001,  4.960000
 9.920001, -23.520000,  9.920001, -23.200000
 9.920001, -13.520000,  9.920001, -13.280000
 9.920001, -9.600000,  9.920001, -9.440000
 9.920001,  0.080000,  9.920001,  0.240000
 9.920001,  3.600000,  9.920001,  3.840000
 9.920001,  3.920000,  9.920001,  4.240000
 10.000001, -43.999999,  10.000001, -43.839999
 10.000001, -23.520000,  10.000001, -23.280000
 10.000001, -22.800000,  10.000001, -22.480000
 10.000001, -21.440000,  10.000001, -21.280000
 10.000001, -17.680000,  10.000001, -17.200000
 10.000001, -13.680000,  10.000001, -13.520000
 10.000001, -10.240000,  10.000001, -9.760000
 10.000001, -4.720000,  10.000001, -4.560000
 10.000001,  1.520000,  10.000001,  1.680000
 10.000001,  3.760000,  10.000001,  3.920000
 10.080001, -41.919999,  10.080001, -41.759999
 10.080001, -28.079999,  10.080001, -27.919999
 10.080001, -23.440000,  10.080001, -23.280000
 10.080001, -22.800000,  10.080001, -22.480000
 10.080001, -21.680000,  10.080001, -21.520000
 10.080001, -20.160000,  10.080001, -20.000000
 10.080001, -17.680000,  10.080001, -17.360000
 10.080001, -17.200000,  10.080001, -17.040000
 10.080001, -10.240000,  10.080001, -9.520000
 10.080001,  0.720000,  10.080001,  0.960000
 10.080001,  1.040000,  10.080001,  1.200000
 10.080001,  2.720000,  10.080001,  2.880000
 10.080001,  3.920000,  10.080001,  4.320000
 10.080001,  4.800000,  10.080001,  4.960000
 10.160001, -23.600000,  10.160001, -23.440000
 10.160001, -22.480000,  10.160001, -21.680000
 10.160001, -17.920000,  10.160001, -17.760000
 10.160001, -17.360000,  10.160001, -17.200000
 10.160001, -4.720000,  10.160001, -4.560000
 10.160001, -4.480000,  10.160001, -4.320000
 10.160001,  0.720000,  10.160001,  0.960000
 10.160001,  1.520000,  10.160001,  1.680000
 10.160001,  4.640000,  10.160001,  4.800000
 10.240001, -35.599999,  10.240001, -35.439999
 10.240001, -30.399999,  10.240001, -29.839999
 10.240001, -29.759999,  10.240001, -29.519999
 10.240001, -29.439999,  10.240001, -29.039999
 10.240001, -27.919999,  10.240001, -27.759999
 10.240001, -23.760000,  10.240001, -22.480000
 10.240001, -18.000000,  10.240001, -17.840000
 10.240001, -4.560000,  10.240001, -4.400000
 10.240001,  1.040000,  10.240001,  1.200000
 10.240001,  3.040000,  10.240001,  3.200000
 10.240001,  4.320000,  10.240001,  4.480000
 10.320001, -35.599999,  10.320001, -35.439999
 10.320001, -30.959999,  10.320001, -30.639999
 10.320001, -30.559999,  10.320001, -30.399999
 10.320001, -29.999999,  10.320001, -29.839999
 10.320001, -29.199999,  10.320001, -29.039999
 10.320001, -27.919999,  10.320001, -27.759999
 10.320001, -18.400000,  10.320001, -18.240000
 10.320001, -4.400000,  10.320001, -4.240000
 10.320001, -0.240000,  10.320001, -0.080000
 10.400001, -43.919999,  10.400001, -43.759999
 10.400001, -32.319999,  10.400001, -32.159999
 10.400001, -30.959999,  10.400001, -30.479999
 10.400001, -29.679999,  10.400001, -29.519999
 10.400001, -29.439999,  10.400001, -29.199999
 10.400001, -18.640000,  10.400001, -18.400000
 10.400001, -17.120000,  10.400001, -16.960000
 10.480001, -43.919999,  10.480001, -43.759999
 10.480001, -30.639999,  10.480001, -30.399999
 10.480001, -29.999999,  10.480001, -29.839999
 10.480001, -28.159999,  10.480001, -27.999999
 10.480001, -18.800000,  10.480001, -18.640000
 10.480001, -18.560000,  10.480001, -18.240000
 10.480001, -13.840000,  10.480001, -13.360000
 10.480001,  1.520000,  10.480001,  1.680000
 10.480001,  3.120000,  10.480001,  3.280000
 10.560001, -32.239999,  10.560001, -32.079999
 10.560001, -30.959999,  10.560001, -30.799999
 10.560001, -20.400000,  10.560001, -20.080000
 10.560001, -13.360000,  10.560001, -13.200000
 10.560001, -4.560000,  10.560001, -4.400000
 10.560001,  2.400000,  10.560001,  2.560000
 10.560001,  3.200000,  10.560001,  3.440000
 10.560001,  4.560000,  10.560001,  4.720000
 10.640001, -30.639999,  10.640001, -29.839999
 10.640001, -20.400000,  10.640001, -19.840000
 10.640001, -14.800000,  10.640001, -14.640000
 10.640001, -13.680000,  10.640001, -13.440000
 10.640001, -4.640000,  10.640001, -4.480000
 10.640001, -0.160000,  10.640001, -0.000000
 10.640001,  3.120000,  10.640001,  3.360000
 10.640001,  3.440000,  10.640001,  3.920000
 10.720001, -31.039999,  10.720001, -30.639999
 10.720001, -19.840000,  10.720001, -19.520000
 10.720001, -17.040000,  10.720001, -16.880000
 10.720001, -13.760000,  10.720001, -13.600000
 10.720001, -0.080000,  10.720001,  0.080000
 10.800001, -29.039999,  10.800001, -28.159999
 10.800001, -19.600000,  10.800001, -19.440000
 10.800001, -15.120000,  10.800001, -14.800000
 10.800001, -13.680000,  10.800001, -13.520000
 10.800001,  3.600000,  10.800001,  3.840000
 10.880001, -28.719999,  10.880001, -28.559999
 10.880001, -28.399999,  10.880001, -28.239999
 10.880001, -16.880000,  10.880001, -16.080000
 10.880001, -15.280000,  10.880001, -15.120000
 10.880001, -15.040000,  10.880001, -14.800000
 10.880001, -4.560000,  10.880001, -4.400000
 10.960001, -43.999999,  10.960001, -43.839999
 10.960001, -19.760000,  10.960001, -19.600000
 10.960001, -19.520000,  10.960001, -19.360000
 10.960001, -17.120000,  10.960001, -16.960000
 10.960001, -16.400000,  10.960001, -16.160000
 10.960001, -16.080000,  10.960001, -15.840000
 10.960001, -13.680000,  10.960001, -13.520000
 10.960001, -13.440000,  10.960001, -13.120000
 10.960001, -4.640000,  10.960001, -4.480000
 10.960001,  4.640000,  10.960001,  4.800000
 11.040001, -43.999999,  11.040001, -43.759999
 11.040001, -27.999999,  11.040001, -27.599999
 11.040001, -19.920000,  11.040001, -19.760000
 11.040001, -16.880000,  11.040001, -16.400000
 11.040001, -16.160000,  11.040001, -15.840000
 11.040001, -15.360000,  11.040001, -15.200000
 11.040001, -14.720000,  11.040001, -14.560000
 11.040001,  0.480000,  11.040001,  0.640000
 11.040001,  1.200000,  11.040001,  1.360000
 11.040001,  1.600000,  11.040001,  1.760000
 11.120001, -28.879999,  11.120001, -28.559999
 11.120001, -27.999999,  11.120001, -27.839999
 11.120001, -27.759999,  11.120001, -27.359999
 11.120001, -17.840000,  11.120001, -17.680000
 11.120001, -13.840000,  11.120001, -13.600000
 11.120001,  0.160000,  11.120001,  0.720000
 11.200001, -29.759999,  11.200001, -29.599999
 11.200001, -29.039999,  11.200001, -28.879999
 11.200001, -28.319999,  11.200001, -27.999999
 11.200001, -13.600000,  11.200001, -13.200000
 11.200001,  0.320000,  11.200001,  0.480000
 11.280001, -35.039999,  11.280001, -34.879999
 11.280001, -29.759999,  11.280001, -29.599999
 11.280001, -29.039999,  11.280001, -28.479999
 11.360001, -10.080000,  11.360001, -9.440000
 11.360001,  2.480000,  11.360001,  2.640000
 11.360001,  2.720000,  11.360001,  3.040000
 11.440001, -14.960000,  11.440001, -14.800000
 11.440001, -10.800000,  11.440001, -10.080000
 11.440001, -1.120000,  11.440001, -0.960000
 11.440001,  0.320000,  11.440001,  0.480000
 11.440001,  2.640000,  11.440001,  2.800000
 11.440001,  4.640000,  11.440001,  4.880000
 11.520001, -14.560000,  11.520001, -14.400000
 11.520001, -12.400000,  11.520001, -11.520000
 11.520001, -11.440000,  11.520001, -10.960000
 11.520001, -10.640000,  11.520001, -10.080000
 11.520001, -9.920000,  11.520001, -9.360000
 11.520001, -1.520000,  11.520001, -1.360000
 11.520001,  2.800000,  11.520001,  3.120000
 11.520001,  4.480000,  11.520001,  4.960000
 11.600001, -14.560000,  11.600001, -14.400000
 11.600001, -13.600000,  11.600001, -13.360000
 11.600001, -13.280000,  11.600001, -12.560000
 11.600001, -11.440000,  11.600001, -10.640000
 11.600001, -1.360000,  11.600001, -1.200000
 11.600001,  0.240000,  11.600001,  0.560000
 11.680001, -37.519999,  11.680001, -37.279999
 11.680001, -14.720000,  11.680001, -14.560000
 11.680001, -14.320000,  11.680001, -13.600000
 11.680001, -12.480000,  11.680001, -11.520000
 11.680001,  0.400000,  11.680001,  0.560000
 11.760001, -14.560000,  11.760001, -14.400000
 11.760001, -13.520000,  11.760001, -12.480000
 11.760001, -0.240000,  11.760001, -0.000000
 11.760001,  2.960000,  11.760001,  3.200000
 11.840001, -16.720000,  11.840001, -16.560000
 11.840001, -14.640000,  11.840001, -13.520000
 11.840001, -1.360000,  11.840001, -1.200000
 11.920001, -27.599999,  11.920001, -27.199999
 11.920001, -19.440000,  11.920001, -19.280000
 11.920001, -19.200000,  11.920001, -19.040000
 11.920001, -18.000000,  11.920001, -17.200000
 11.920001, -17.120000,  11.920001, -16.960000
 11.920001, -4.800000,  11.920001, -4.640000
 11.920001, -1.280000,  11.920001, -1.120000
 11.920001, -0.240000,  11.920001, -0.080000
 11.920001,  1.600000,  11.920001,  1.760000
 12.000001, -27.599999,  12.000001, -27.439999
 12.000001, -18.880000,  12.000001, -18.640000
 12.000001, -18.320000,  12.000001, -18.000000
 12.000001, -17.680000,  12.000001, -16.880000
 12.000001, -1.280000,  12.000001, -1.040000
 12.000001, -0.080000,  12.000001,  0.080000
 12.000001,  1.120000,  12.000001,  1.600000
 12.080001, -27.439999,  12.080001, -27.279999
 12.080001, -25.920000,  12.080001, -25.520000
 12.080001, -20.560000,  12.080001, -20.240000
 12.080001, -20.080000,  12.080001, -19.520000
 12.080001, -18.960000,  12.080001, -18.480000
 12.080001, -18.320000,  12.080001, -17.680000
 12.080001, -2.160000,  12.080001, -2.000000
 12.080001, -1.360000,  12.080001, -1.200000
 12.160001, -26.160000,  12.160001, -25.920000
 12.160001, -25.680000,  12.160001, -25.520000
 12.160001, -21.360000,  12.160001, -21.040000
 12.160001, -20.720000,  12.160001, -20.560000
 12.160001, -20.400000,  12.160001, -20.240000
 12.160001, -19.920000,  12.160001, -18.960000
 12.160001, -2.720000,  12.160001, -2.560000
 12.240001, -26.399999,  12.240001, -26.160000
 12.240001, -26.000000,  12.240001, -25.680000
 12.240001, -24.320000,  12.240001, -23.760000
 12.240001, -22.960000,  12.240001, -22.560000
 12.240001, -22.480000,  12.240001, -22.080000
 12.240001, -21.280000,  12.240001, -21.040000
 12.240001, -20.720000,  12.240001, -20.400000
 12.240001, -2.720000,  12.240001, -2.560000
 12.240001, -2.160000,  12.240001, -2.000000
 12.240001, -0.960000,  12.240001, -0.800000
 12.240001, -0.720000,  12.240001, -0.320000
 12.240001,  0.640000,  12.240001,  0.800000
 12.240001,  1.200000,  12.240001,  1.440000
 12.320001, -26.399999,  12.320001, -26.000000
 12.320001, -24.640000,  12.320001, -24.320000
 12.320001, -23.760000,  12.320001, -23.200000
 12.320001, -23.120000,  12.320001, -22.960000
 12.320001, -22.720000,  12.320001, -22.560000
 12.320001, -22.480000,  12.320001, -22.160000
 12.320001, -1.600000,  12.320001, -1.280000
 12.320001, -1.200000,  12.320001, -1.040000
 12.320001, -0.640000,  12.320001, -0.320000
 12.320001,  1.200000,  12.320001,  1.440000
 12.400001, -25.600000,  12.400001, -25.440000
 12.400001, -25.280000,  12.400001, -24.880000
 12.400001, -24.800000,  12.400001, -24.640000
 12.400001, -24.320000,  12.400001, -23.360000
 12.400001, -23.120000,  12.400001, -22.720000
 12.400001, -22.160000,  12.400001, -21.920000
 12.400001,  1.040000,  12.400001,  1.200000
 12.400001,  2.640000,  12.400001,  2.800000
 12.480001, -26.639999,  12.480001, -26.160000
 12.480001, -25.840000,  12.480001, -25.680000
 12.480001, -25.280000,  12.480001, -24.960000
 12.480001, -24.800000,  12.480001, -24.320000
 12.480001,  0.560000,  12.480001,  1.040000
 12.480001,  1.440000,  12.480001,  1.680000
 12.560001, -28.159999,  12.560001, -27.839999
 12.560001, -27.599999,  12.560001, -26.879999
 12.560001, -26.799999,  12.560001, -26.639999
 12.560001, -25.840000,  12.560001, -25.680000
 12.560001, -24.960000,  12.560001, -24.800000
 12.560001, -4.800000,  12.560001, -4.560000
 12.560001,  0.240000,  12.560001,  0.560000
 12.560001,  1.200000,  12.560001,  1.760000
 12.560001,  2.480000,  12.560001,  2.640000
 12.640001, -28.319999,  12.640001, -28.159999
 12.640001, -27.839999,  12.640001, -27.679999
 12.640001, -27.599999,  12.640001, -26.879999
 12.640001, -26.719999,  12.640001, -26.479999
 12.640001, -26.399999,  12.640001, -26.160000
 12.640001, -1.040000,  12.640001, -0.880000
 12.640001,  0.720000,  12.640001,  1.120000
 12.640001,  1.200000,  12.640001,  1.520000
 12.640001,  1.760000,  12.640001,  2.320000
 12.720001, -28.399999,  12.720001, -27.759999
 12.720001, -26.879999,  12.720001, -26.719999
 12.720001, -4.640000,  12.720001, -4.480000
 12.720001, -1.600000,  12.720001, -1.360000
 12.720001, -1.280000,  12.720001, -1.120000
 12.720001, -1.040000,  12.720001, -0.880000
 12.720001, -0.720000,  12.720001, -0.240000
 12.720001, -0.000000,  12.720001,  0.240000
 12.720001,  0.480000,  12.720001,  0.720000
 12.720001,  1.280000,  12.720001,  1.440000
 12.720001,  2.080000,  12.720001,  2.400000
 12.720001,  2.480000,  12.720001,  2.800000
 12.800001, -40.319999,  12.800001, -40.159999
 12.800001, -4.000000,  12.800001, -3.840000
 12.800001, -1.600000,  12.800001, -1.360000
 12.800001, -1.120000,  12.800001, -0.720000
 12.800001, -0.240000,  12.800001, -0.000000
 12.800001,  1.120000,  12.800001,  1.280000
 12.800001,  1.440000,  12.800001,  2.080000
 12.880001, -40.959999,  12.880001, -40.799999
 12.880001, -4.480000,  12.880001, -4.000000
 12.880001, -2.720000,  12.880001, -1.680000
 12.880001, -0.880000,  12.880001, -0.720000
 12.880001, -0.480000,  12.880001, -0.320000
 12.880001,  0.080000,  12.880001,  0.320000
 12.960001, -4.640000,  12.960001, -3.920000
 12.960001, -3.280000,  12.960001, -2.720000
 12.960001, -2.240000,  12.960001, -1.920000
 12.960001, -1.520000,  12.960001, -1.200000
 12.960001, -0.720000,  12.960001, -0.480000
 12.960001, -0.320000,  12.960001, -0.080000
 13.040001, -3.760000,  13.040001, -3.280000
 13.040001, -3.200000,  13.040001, -2.240000
 13.120001, -5.680000,  13.120001, -5.040000
 13.120001, -4.880000,  13.120001, -4.720000
 13.120001, -3.920000,  13.120001, -3.440000
 13.120001, -3.360000,  13.120001, -3.200000
 13.200001, -9.040000,  13.200001, -8.800000
 13.200001, -6.160000,  13.200001, -5.840000
 13.200001, -5.040000,  13.200001, -4.720000
 13.280001, -38.559999,  13.280001, -38.399999
 13.280001, -37.999999,  13.280001, -37.839999
 13.280001, -9.040000,  13.280001, -8.800000
 13.280001, -6.080000,  13.280001, -5.760000
 13.280001, -5.680000,  13.280001, -5.040000
 13.360001, -43.759999,  13.360001, -43.599999
 13.360001, -38.639999,  13.360001, -38.479999
 13.360001, -9.520000,  13.360001, -9.360000
 13.360001, -8.880000,  13.360001, -8.720000
 13.440001, -43.759999,  13.440001, -43.599999
 13.440001, -9.520000,  13.440001, -9.360000
 13.440001, -8.880000,  13.440001, -8.720000
 13.520001, -14.720000,  13.520001, -14.000000
 13.520001, -13.920000,  13.520001, -13.760000
 13.600001, -14.320000,  13.600001, -14.000000
 13.600001, -13.920000,  13.600001, -13.760000
 13.680001, -14.640000,  13.680001, -14.480000
 13.760001, -14.960000,  13.760001, -14.720000
 13.840001, -14.720000,  13.840001, -14.560000
 13.920001, -15.600000,  13.920001, -14.960000
 13.920001, -14.880000,  13.920001, -14.720000
 13.920001, -3.760000,  13.920001, -3.600000
 14.000001, -17.120000,  14.000001, -16.880000
 14.000001, -16.720000,  14.000001, -16.480000
 14.000001, -15.760000,  14.000001, -15.600000
 14.000001, -15.440000,  14.000001, -14.880000
 14.000001, -3.760000,  14.000001, -3.600000
 14.080001, -17.360000,  14.080001, -17.120000
 14.080001, -16.880000,  14.080001, -16.720000
 14.080001, -16.480000,  14.080001, -16.240000
 14.080001, -16.000000,  14.080001, -15.760000
 14.080001, -7.120000,  14.080001, -6.960000
 14.080001, -6.880000,  14.080001, -6.720000
 14.160001, -24.560000,  14.160001, -24.160000
 14.160001, -17.360000,  14.160001, -16.880000
 14.160001, -16.640000,  14.160001, -16.320000
 14.160001, -16.000000,  14.160001, -15.520000
 14.160001, -6.880000,  14.160001, -6.720000
 14.240001, -43.679999,  14.240001, -43.519999
 14.240001, -24.320000,  14.240001, -24.160000
 14.320001, -24.640000,  14.320001, -24.480000
 14.400001, -24.720000,  14.400001, -24.560000
 14.480001, -24.960000,  14.480001, -24.560000
 14.480001, -22.320000,  14.480001, -22.160000
 14.480001, -7.760000,  14.480001, -7.600000
 14.560001, -24.960000,  14.560001, -24.720000
 14.560001, -22.320000,  14.560001, -22.160000
 14.560001, -8.960000,  14.560001, -8.720000
 14.560001, -7.760000,  14.560001, -7.600000
 14.640001, -22.560000,  14.640001, -22.400000
 14.640001, -9.040000,  14.640001, -8.640000
 14.720001, -41.359999,  14.720001, -41.199999
 14.720001, -22.560000,  14.720001, -22.400000
 14.720001, -9.040000,  14.720001, -8.880000
 14.720001, -8.720000,  14.720001, -8.480000
 14.960001, -42.799999,  14.960001, -42.639999
 15.040001, -42.799999,  15.040001, -42.639999
 15.200001, -38.719999,  15.200001, -38.559999
 15.200001, -8.880000,  15.200001, -8.720000
 15.200001, -5.840000,  15.200001, -5.680000
 15.280001, -38.479999,  15.280001, -38.319999
 15.280001, -6.080000,  15.280001, -5.920000
 15.360001, -38.479999,  15.360001, -38.319999
 15.360001, -6.080000,  15.360001, -5.920000
 15.840001, -7.040000,  15.840001, -6.880000
 16.240001, -16.640000,  16.240001, -16.480000
 16.320000, -16.640000,  16.320000, -16.480000
 16.560000, -6.800000,  16.560000, -6.640000
 19.280000, -16.800000,  19.280000, -16.560000
 19.360000, -16.800000,  19.360000, -16.560000
